date,advancers,unchanged,decliners,quoted_total,emotion,source
2020-01-02,3379,91,276,3746,90.2028830752803,HuggingFace:cedwyh/jinjing-shared-data
2020-01-03,2029,273,1445,3747,54.14998665599146,HuggingFace:cedwyh/jinjing-shared-data
2020-01-06,2045,235,1466,3746,54.591564335290975,HuggingFace:cedwyh/jinjing-shared-data
2020-01-07,2984,108,656,3748,79.61579509071505,HuggingFace:cedwyh/jinjing-shared-data
2020-01-08,718,55,2974,3747,19.161996263677608,HuggingFace:cedwyh/jinjing-shared-data
2020-01-09,3207,95,444,3746,85.61131873998931,HuggingFace:cedwyh/jinjing-shared-data
2020-01-10,1271,162,2312,3745,33.938584779706275,HuggingFace:cedwyh/jinjing-shared-data
2020-01-13,2631,241,872,3744,70.2724358974359,HuggingFace:cedwyh/jinjing-shared-data
2020-01-14,1494,232,2021,3747,39.871897518014414,HuggingFace:cedwyh/jinjing-shared-data
2020-01-15,1105,114,2528,3747,29.49025887376568,HuggingFace:cedwyh/jinjing-shared-data
2020-01-16,1064,145,2539,3748,28.38847385272145,HuggingFace:cedwyh/jinjing-shared-data
2020-01-17,1212,237,2303,3752,32.30277185501066,HuggingFace:cedwyh/jinjing-shared-data
2020-01-20,2494,174,1087,3755,66.41810918774966,HuggingFace:cedwyh/jinjing-shared-data
2020-01-21,784,69,2905,3758,20.86216072378925,HuggingFace:cedwyh/jinjing-shared-data
2020-01-22,1694,210,1857,3761,45.04121244349907,HuggingFace:cedwyh/jinjing-shared-data
2020-01-23,295,30,3437,3762,7.841573631047315,HuggingFace:cedwyh/jinjing-shared-data
2020-02-03,164,6,3595,3765,4.355909694555113,HuggingFace:cedwyh/jinjing-shared-data
2020-02-04,1485,50,2230,3765,39.44223107569721,HuggingFace:cedwyh/jinjing-shared-data
2020-02-05,3352,71,344,3767,88.98327581629944,HuggingFace:cedwyh/jinjing-shared-data
2020-02-06,3389,110,270,3769,89.9177500663306,HuggingFace:cedwyh/jinjing-shared-data
2020-02-07,2262,178,1330,3770,60.0,HuggingFace:cedwyh/jinjing-shared-data
2020-02-10,2849,82,840,3771,75.55025192256696,HuggingFace:cedwyh/jinjing-shared-data
2020-02-11,1344,175,2253,3772,35.63096500530223,HuggingFace:cedwyh/jinjing-shared-data
2020-02-12,3137,166,471,3774,83.12135665076842,HuggingFace:cedwyh/jinjing-shared-data
2020-02-13,831,75,2870,3776,22.007415254237287,HuggingFace:cedwyh/jinjing-shared-data
2020-02-14,1641,256,1882,3779,43.424186292670015,HuggingFace:cedwyh/jinjing-shared-data
2020-02-17,3676,23,80,3779,97.27441121989945,HuggingFace:cedwyh/jinjing-shared-data
2020-02-18,2789,142,847,3778,73.82212811011117,HuggingFace:cedwyh/jinjing-shared-data
2020-02-19,1212,150,2420,3782,32.04653622421999,HuggingFace:cedwyh/jinjing-shared-data
2020-02-20,3181,80,521,3782,84.10893707033316,HuggingFace:cedwyh/jinjing-shared-data
2020-02-21,2271,229,1282,3782,60.04759386567954,HuggingFace:cedwyh/jinjing-shared-data
2020-02-24,2117,125,1543,3785,55.93130779392338,HuggingFace:cedwyh/jinjing-shared-data
2020-02-25,1135,51,2600,3786,29.978869519281563,HuggingFace:cedwyh/jinjing-shared-data
2020-02-26,1341,110,2334,3785,35.42932628797887,HuggingFace:cedwyh/jinjing-shared-data
2020-02-27,1839,205,1742,3786,48.573692551505545,HuggingFace:cedwyh/jinjing-shared-data
2020-02-28,233,15,3540,3788,6.151003167898628,HuggingFace:cedwyh/jinjing-shared-data
2020-03-02,3645,13,128,3786,96.2757527733756,HuggingFace:cedwyh/jinjing-shared-data
2020-03-03,2622,198,966,3786,69.25515055467513,HuggingFace:cedwyh/jinjing-shared-data
2020-03-04,2490,121,1172,3783,65.82077716098334,HuggingFace:cedwyh/jinjing-shared-data
2020-03-05,3008,101,675,3784,79.49260042283298,HuggingFace:cedwyh/jinjing-shared-data
2020-03-06,1479,132,2171,3782,39.10629296668429,HuggingFace:cedwyh/jinjing-shared-data
2020-03-09,518,34,3230,3782,13.696456901110524,HuggingFace:cedwyh/jinjing-shared-data
2020-03-10,3136,61,585,3782,82.91909042834479,HuggingFace:cedwyh/jinjing-shared-data
2020-03-11,1028,113,2640,3781,27.188574451203387,HuggingFace:cedwyh/jinjing-shared-data
2020-03-12,560,39,3181,3780,14.814814814814815,HuggingFace:cedwyh/jinjing-shared-data
2020-03-13,839,60,2883,3782,22.184029613960867,HuggingFace:cedwyh/jinjing-shared-data
2020-03-16,321,30,3432,3783,8.485329103885805,HuggingFace:cedwyh/jinjing-shared-data
2020-03-17,1471,159,2152,3782,38.89476467477525,HuggingFace:cedwyh/jinjing-shared-data
2020-03-18,650,84,3049,3783,17.18213058419244,HuggingFace:cedwyh/jinjing-shared-data
2020-03-19,2247,153,1386,3786,59.35023771790808,HuggingFace:cedwyh/jinjing-shared-data
2020-03-20,2968,117,703,3788,78.35269271383316,HuggingFace:cedwyh/jinjing-shared-data
2020-03-23,322,26,3442,3790,8.49604221635884,HuggingFace:cedwyh/jinjing-shared-data
2020-03-24,3254,50,486,3790,85.85751978891821,HuggingFace:cedwyh/jinjing-shared-data
2020-03-25,3462,57,270,3789,91.36975455265241,HuggingFace:cedwyh/jinjing-shared-data
2020-03-26,970,94,2727,3791,25.586916380902135,HuggingFace:cedwyh/jinjing-shared-data
2020-03-27,1439,217,2137,3793,37.938307408383864,HuggingFace:cedwyh/jinjing-shared-data
2020-03-30,697,53,3044,3794,18.371112282551397,HuggingFace:cedwyh/jinjing-shared-data
2020-03-31,1486,201,2107,3794,39.16710595677385,HuggingFace:cedwyh/jinjing-shared-data
2020-04-01,1257,191,2348,3796,33.11380400421496,HuggingFace:cedwyh/jinjing-shared-data
2020-04-02,3318,65,413,3796,87.40779768177029,HuggingFace:cedwyh/jinjing-shared-data
2020-04-03,1143,113,2540,3796,30.110642781875658,HuggingFace:cedwyh/jinjing-shared-data
2020-04-07,3689,28,76,3793,97.25810703928289,HuggingFace:cedwyh/jinjing-shared-data
2020-04-08,2130,196,1467,3793,56.15607698391774,HuggingFace:cedwyh/jinjing-shared-data
2020-04-09,2273,300,1221,3794,59.9103848181339,HuggingFace:cedwyh/jinjing-shared-data
2020-04-10,523,59,3213,3795,13.78129117259552,HuggingFace:cedwyh/jinjing-shared-data
2020-04-13,1154,109,2533,3796,30.400421496311907,HuggingFace:cedwyh/jinjing-shared-data
2020-04-14,3317,84,396,3797,87.35844087437451,HuggingFace:cedwyh/jinjing-shared-data
2020-04-15,1018,109,2667,3794,26.8318397469689,HuggingFace:cedwyh/jinjing-shared-data
2020-04-16,1924,243,1634,3801,50.61825835306498,HuggingFace:cedwyh/jinjing-shared-data
2020-04-17,1541,235,2027,3803,40.52064159873784,HuggingFace:cedwyh/jinjing-shared-data
2020-04-20,2581,227,993,3801,67.90318337279663,HuggingFace:cedwyh/jinjing-shared-data
2020-04-21,1139,99,2564,3802,29.957916885849553,HuggingFace:cedwyh/jinjing-shared-data
2020-04-22,2467,242,1097,3806,64.81870730425644,HuggingFace:cedwyh/jinjing-shared-data
2020-04-23,1308,158,2343,3809,34.339721711735365,HuggingFace:cedwyh/jinjing-shared-data
2020-04-24,712,86,3011,3809,18.692570228406407,HuggingFace:cedwyh/jinjing-shared-data
2020-04-27,1328,142,2338,3808,34.87394957983193,HuggingFace:cedwyh/jinjing-shared-data
2020-04-28,829,56,2918,3803,21.79858006836708,HuggingFace:cedwyh/jinjing-shared-data
2020-04-29,1708,194,1891,3793,45.03031900870024,HuggingFace:cedwyh/jinjing-shared-data
2020-04-30,3155,65,565,3785,83.35535006605019,HuggingFace:cedwyh/jinjing-shared-data
2020-05-06,3056,137,617,3810,80.20997375328083,HuggingFace:cedwyh/jinjing-shared-data
2020-05-07,1247,160,2405,3812,32.712486883525706,HuggingFace:cedwyh/jinjing-shared-data
2020-05-08,2842,207,766,3815,74.4954128440367,HuggingFace:cedwyh/jinjing-shared-data
2020-05-11,1500,195,2121,3816,39.308176100628934,HuggingFace:cedwyh/jinjing-shared-data
2020-05-12,1337,163,2316,3816,35.036687631027256,HuggingFace:cedwyh/jinjing-shared-data
2020-05-13,1957,320,1543,3820,51.230366492146594,HuggingFace:cedwyh/jinjing-shared-data
2020-05-14,887,116,2818,3821,23.213818372153888,HuggingFace:cedwyh/jinjing-shared-data
2020-05-15,1755,296,1771,3822,45.91836734693877,HuggingFace:cedwyh/jinjing-shared-data
2020-05-18,1480,179,2159,3818,38.763750654793085,HuggingFace:cedwyh/jinjing-shared-data
2020-05-19,2596,250,972,3818,67.9937139863803,HuggingFace:cedwyh/jinjing-shared-data
2020-05-20,1037,123,2660,3820,27.146596858638745,HuggingFace:cedwyh/jinjing-shared-data
2020-05-21,1063,165,2593,3821,27.81994242344936,HuggingFace:cedwyh/jinjing-shared-data
2020-05-22,698,116,3010,3824,18.253138075313807,HuggingFace:cedwyh/jinjing-shared-data
2020-05-25,1684,186,1953,3823,44.04917603975935,HuggingFace:cedwyh/jinjing-shared-data
2020-05-26,3360,135,329,3824,87.86610878661088,HuggingFace:cedwyh/jinjing-shared-data
2020-05-27,1397,180,2242,3819,36.58025661167845,HuggingFace:cedwyh/jinjing-shared-data
2020-05-28,1374,174,2273,3821,35.959172991363516,HuggingFace:cedwyh/jinjing-shared-data
2020-05-29,2182,248,1392,3822,57.09052851909995,HuggingFace:cedwyh/jinjing-shared-data
2020-06-01,3610,55,155,3820,94.50261780104712,HuggingFace:cedwyh/jinjing-shared-data
2020-06-02,2314,216,1294,3824,60.51255230125523,HuggingFace:cedwyh/jinjing-shared-data
2020-06-03,1422,170,2235,3827,37.15704206950614,HuggingFace:cedwyh/jinjing-shared-data
2020-06-04,1937,216,1674,3827,50.61405800888424,HuggingFace:cedwyh/jinjing-shared-data
2020-06-05,1642,213,1970,3825,42.928104575163395,HuggingFace:cedwyh/jinjing-shared-data
2020-06-08,1540,217,2071,3828,40.229885057471265,HuggingFace:cedwyh/jinjing-shared-data
2020-06-09,2112,275,1449,3836,55.05735140771637,HuggingFace:cedwyh/jinjing-shared-data
2020-06-10,1365,124,2344,3833,35.61179232976781,HuggingFace:cedwyh/jinjing-shared-data
2020-06-11,1185,181,2470,3836,30.89155370177268,HuggingFace:cedwyh/jinjing-shared-data
2020-06-12,1468,203,2162,3833,38.29898252021915,HuggingFace:cedwyh/jinjing-shared-data
2020-06-15,1390,160,2288,3838,36.21677957269411,HuggingFace:cedwyh/jinjing-shared-data
2020-06-16,3245,105,491,3841,84.48320749804738,HuggingFace:cedwyh/jinjing-shared-data
2020-06-17,1835,263,1744,3842,47.761582509109836,HuggingFace:cedwyh/jinjing-shared-data
2020-06-18,1673,219,1948,3840,43.567708333333336,HuggingFace:cedwyh/jinjing-shared-data
2020-06-19,2018,302,1523,3843,52.51105906843612,HuggingFace:cedwyh/jinjing-shared-data
2020-06-22,1719,209,1914,3842,44.74232170744404,HuggingFace:cedwyh/jinjing-shared-data
2020-06-23,1317,141,2384,3842,34.279021343050495,HuggingFace:cedwyh/jinjing-shared-data
2020-06-24,1380,193,2272,3845,35.890767230169054,HuggingFace:cedwyh/jinjing-shared-data
2020-06-29,1245,107,2493,3845,32.37971391417425,HuggingFace:cedwyh/jinjing-shared-data
2020-06-30,3107,183,550,3840,80.91145833333333,HuggingFace:cedwyh/jinjing-shared-data
2020-07-01,2070,216,1565,3851,53.75227213710725,HuggingFace:cedwyh/jinjing-shared-data
2020-07-02,2955,88,811,3854,76.67358588479502,HuggingFace:cedwyh/jinjing-shared-data
2020-07-03,2772,103,980,3855,71.90661478599222,HuggingFace:cedwyh/jinjing-shared-data
2020-07-06,3614,32,210,3856,93.7240663900415,HuggingFace:cedwyh/jinjing-shared-data
2020-07-07,2178,160,1515,3853,56.52738126135479,HuggingFace:cedwyh/jinjing-shared-data
2020-07-08,3201,97,559,3857,82.99196266528389,HuggingFace:cedwyh/jinjing-shared-data
2020-07-09,3400,74,386,3860,88.08290155440415,HuggingFace:cedwyh/jinjing-shared-data
2020-07-10,1169,70,2622,3861,30.277130277130276,HuggingFace:cedwyh/jinjing-shared-data
2020-07-13,3574,43,247,3864,92.49482401656314,HuggingFace:cedwyh/jinjing-shared-data
2020-07-14,1346,78,2443,3867,34.807344194466,HuggingFace:cedwyh/jinjing-shared-data
2020-07-15,706,46,3113,3865,18.266494178525228,HuggingFace:cedwyh/jinjing-shared-data
2020-07-16,218,36,3612,3866,5.638903259182618,HuggingFace:cedwyh/jinjing-shared-data
2020-07-17,1835,156,1878,3869,47.4282760403205,HuggingFace:cedwyh/jinjing-shared-data
2020-07-20,3523,28,317,3868,91.08066184074457,HuggingFace:cedwyh/jinjing-shared-data
2020-07-21,1901,136,1836,3873,49.08339788277821,HuggingFace:cedwyh/jinjing-shared-data
2020-07-22,1738,205,1929,3872,44.88636363636363,HuggingFace:cedwyh/jinjing-shared-data
2020-07-23,1256,89,2534,3879,32.379479247228666,HuggingFace:cedwyh/jinjing-shared-data
2020-07-24,279,27,3576,3882,7.187017001545595,HuggingFace:cedwyh/jinjing-shared-data
2020-07-27,1735,157,1990,3882,44.69345698093766,HuggingFace:cedwyh/jinjing-shared-data
2020-07-28,2787,159,936,3882,71.79289026275116,HuggingFace:cedwyh/jinjing-shared-data
2020-07-29,3566,75,244,3885,91.78893178893179,HuggingFace:cedwyh/jinjing-shared-data
2020-07-30,1412,141,2334,3887,36.32621559042964,HuggingFace:cedwyh/jinjing-shared-data
2020-07-31,2660,224,1005,3889,68.39804577012086,HuggingFace:cedwyh/jinjing-shared-data
2020-08-03,3566,44,282,3892,91.62384378211716,HuggingFace:cedwyh/jinjing-shared-data
2020-08-04,1289,119,2485,3893,33.11071153352171,HuggingFace:cedwyh/jinjing-shared-data
2020-08-05,2396,155,1343,3894,61.53055983564458,HuggingFace:cedwyh/jinjing-shared-data
2020-08-06,1416,132,2349,3897,36.335642802155505,HuggingFace:cedwyh/jinjing-shared-data
2020-08-07,885,69,2943,3897,22.70977675134719,HuggingFace:cedwyh/jinjing-shared-data
2020-08-10,2586,94,1222,3902,66.27370579190159,HuggingFace:cedwyh/jinjing-shared-data
2020-08-11,649,59,3193,3901,16.63675980517816,HuggingFace:cedwyh/jinjing-shared-data
2020-08-12,1387,148,2369,3904,35.52766393442623,HuggingFace:cedwyh/jinjing-shared-data
2020-08-13,2290,172,1445,3907,58.612746352700285,HuggingFace:cedwyh/jinjing-shared-data
2020-08-14,2643,188,1078,3909,67.61320030698388,HuggingFace:cedwyh/jinjing-shared-data
2020-08-17,3384,99,424,3907,86.61377015613002,HuggingFace:cedwyh/jinjing-shared-data
2020-08-18,2162,198,1553,3913,55.25172501916688,HuggingFace:cedwyh/jinjing-shared-data
2020-08-19,845,76,2995,3916,21.57814096016343,HuggingFace:cedwyh/jinjing-shared-data
2020-08-20,1028,122,2769,3919,26.23118142383261,HuggingFace:cedwyh/jinjing-shared-data
2020-08-21,2380,224,1315,3919,60.72977800459301,HuggingFace:cedwyh/jinjing-shared-data
2020-08-24,2208,158,1554,3920,56.326530612244895,HuggingFace:cedwyh/jinjing-shared-data
2020-08-25,1574,117,2247,3938,39.969527679024885,HuggingFace:cedwyh/jinjing-shared-data
2020-08-26,679,44,3217,3940,17.233502538071065,HuggingFace:cedwyh/jinjing-shared-data
2020-08-27,2788,151,1002,3941,70.7434661253489,HuggingFace:cedwyh/jinjing-shared-data
2020-08-28,2718,127,1095,3940,68.98477157360406,HuggingFace:cedwyh/jinjing-shared-data
2020-08-31,1645,176,2125,3946,41.68778509883426,HuggingFace:cedwyh/jinjing-shared-data
2020-09-01,2117,197,1632,3946,53.64926507856057,HuggingFace:cedwyh/jinjing-shared-data
2020-09-02,1910,158,1883,3951,48.34219185016452,HuggingFace:cedwyh/jinjing-shared-data
2020-09-03,1085,148,2721,3954,27.4405665149216,HuggingFace:cedwyh/jinjing-shared-data
2020-09-04,1851,162,1941,3954,46.813353566009106,HuggingFace:cedwyh/jinjing-shared-data
2020-09-07,999,111,2845,3955,25.259165613147914,HuggingFace:cedwyh/jinjing-shared-data
2020-09-08,2603,80,1275,3958,65.76553815058111,HuggingFace:cedwyh/jinjing-shared-data
2020-09-09,678,98,3179,3955,17.142857142857142,HuggingFace:cedwyh/jinjing-shared-data
2020-09-10,491,46,3421,3958,12.405255179383527,HuggingFace:cedwyh/jinjing-shared-data
2020-09-11,2937,168,857,3962,74.12922766279657,HuggingFace:cedwyh/jinjing-shared-data
2020-09-14,2618,205,1138,3961,66.09442060085837,HuggingFace:cedwyh/jinjing-shared-data
2020-09-15,1828,214,1924,3966,46.091780131114476,HuggingFace:cedwyh/jinjing-shared-data
2020-09-16,1089,187,2690,3966,27.45839636913767,HuggingFace:cedwyh/jinjing-shared-data
2020-09-17,1974,203,1794,3971,49.71040040292118,HuggingFace:cedwyh/jinjing-shared-data
2020-09-18,3124,99,757,3980,78.49246231155779,HuggingFace:cedwyh/jinjing-shared-data
2020-09-21,1407,188,2383,3978,35.36953242835596,HuggingFace:cedwyh/jinjing-shared-data
2020-09-22,593,63,3330,3986,14.877069744104364,HuggingFace:cedwyh/jinjing-shared-data
2020-09-23,2322,264,1401,3987,58.239277652370205,HuggingFace:cedwyh/jinjing-shared-data
2020-09-24,310,27,3652,3989,7.771371270995237,HuggingFace:cedwyh/jinjing-shared-data
2020-09-25,1343,203,2449,3995,33.61702127659574,HuggingFace:cedwyh/jinjing-shared-data
2020-09-28,831,139,3025,3995,20.801001251564454,HuggingFace:cedwyh/jinjing-shared-data
2020-09-29,2617,231,1156,4004,65.35964035964037,HuggingFace:cedwyh/jinjing-shared-data
2020-09-30,1430,202,2374,4006,35.696455317024466,HuggingFace:cedwyh/jinjing-shared-data
2020-10-09,3760,46,206,4012,93.71884346959122,HuggingFace:cedwyh/jinjing-shared-data
2020-10-12,3807,43,160,4010,94.93765586034912,HuggingFace:cedwyh/jinjing-shared-data
2020-10-13,1697,193,2125,4015,42.266500622665006,HuggingFace:cedwyh/jinjing-shared-data
2020-10-14,1087,131,2796,4014,27.0802192326856,HuggingFace:cedwyh/jinjing-shared-data
2020-10-15,1153,161,2700,4014,28.72446437468859,HuggingFace:cedwyh/jinjing-shared-data
2020-10-16,1886,220,1909,4015,46.97384806973848,HuggingFace:cedwyh/jinjing-shared-data
2020-10-19,1229,201,2589,4019,30.57974620552376,HuggingFace:cedwyh/jinjing-shared-data
2020-10-20,2776,239,1006,4021,69.03755284755036,HuggingFace:cedwyh/jinjing-shared-data
2020-10-21,867,99,3054,4020,21.567164179104477,HuggingFace:cedwyh/jinjing-shared-data
2020-10-22,1392,222,2410,4024,34.59244532803181,HuggingFace:cedwyh/jinjing-shared-data
2020-10-23,783,146,3098,4027,19.443754656071516,HuggingFace:cedwyh/jinjing-shared-data
2020-10-26,1818,190,2018,4026,45.156482861400896,HuggingFace:cedwyh/jinjing-shared-data
2020-10-27,1777,177,2075,4029,44.10523703152147,HuggingFace:cedwyh/jinjing-shared-data
2020-10-28,1826,195,2009,4030,45.31017369727047,HuggingFace:cedwyh/jinjing-shared-data
2020-10-29,1470,163,2399,4032,36.458333333333336,HuggingFace:cedwyh/jinjing-shared-data
2020-10-30,545,77,3413,4035,13.506815365551425,HuggingFace:cedwyh/jinjing-shared-data
2020-11-02,1880,112,2043,4035,46.592317224287484,HuggingFace:cedwyh/jinjing-shared-data
2020-11-03,3365,84,588,4037,83.35397572454794,HuggingFace:cedwyh/jinjing-shared-data
2020-11-04,1389,191,2457,4037,34.40673767649245,HuggingFace:cedwyh/jinjing-shared-data
2020-11-05,3427,105,505,4037,84.88976963091405,HuggingFace:cedwyh/jinjing-shared-data
2020-11-06,1094,155,2792,4041,27.072506805246228,HuggingFace:cedwyh/jinjing-shared-data
2020-11-09,3533,88,425,4046,87.32081067721207,HuggingFace:cedwyh/jinjing-shared-data
2020-11-10,1080,109,2859,4048,26.679841897233203,HuggingFace:cedwyh/jinjing-shared-data
2020-11-11,1145,125,2779,4049,28.278587305507532,HuggingFace:cedwyh/jinjing-shared-data
2020-11-12,1844,209,1999,4052,45.50839091806515,HuggingFace:cedwyh/jinjing-shared-data
2020-11-13,1815,186,2050,4051,44.8037521599605,HuggingFace:cedwyh/jinjing-shared-data
2020-11-16,2709,100,1243,4052,66.8558736426456,HuggingFace:cedwyh/jinjing-shared-data
2020-11-17,1284,158,2611,4053,31.68023686158401,HuggingFace:cedwyh/jinjing-shared-data
2020-11-18,2315,226,1514,4055,57.090012330456226,HuggingFace:cedwyh/jinjing-shared-data
2020-11-19,2065,222,1770,4057,50.89967956618191,HuggingFace:cedwyh/jinjing-shared-data
2020-11-20,2163,243,1651,4057,53.31525757949223,HuggingFace:cedwyh/jinjing-shared-data
2020-11-23,2047,191,1818,4056,50.468441814595664,HuggingFace:cedwyh/jinjing-shared-data
2020-11-24,1557,203,2296,4056,38.387573964497044,HuggingFace:cedwyh/jinjing-shared-data
2020-11-25,775,98,3182,4055,19.112207151664613,HuggingFace:cedwyh/jinjing-shared-data
2020-11-26,1472,187,2401,4060,36.25615763546798,HuggingFace:cedwyh/jinjing-shared-data
2020-11-27,1846,195,2019,4060,45.467980295566505,HuggingFace:cedwyh/jinjing-shared-data
2020-11-30,1505,215,2340,4060,37.06896551724138,HuggingFace:cedwyh/jinjing-shared-data
2020-12-01,3248,192,621,4061,79.98030041861611,HuggingFace:cedwyh/jinjing-shared-data
2020-12-02,1948,218,1892,4058,48.003942828979795,HuggingFace:cedwyh/jinjing-shared-data
2020-12-03,1638,166,2258,4062,40.32496307237814,HuggingFace:cedwyh/jinjing-shared-data
2020-12-04,1903,195,1965,4063,46.837312330790056,HuggingFace:cedwyh/jinjing-shared-data
2020-12-07,1257,111,2693,4061,30.952967249445948,HuggingFace:cedwyh/jinjing-shared-data
2020-12-08,1437,206,2424,4067,35.33316941234325,HuggingFace:cedwyh/jinjing-shared-data
2020-12-09,566,70,3433,4069,13.91005160973212,HuggingFace:cedwyh/jinjing-shared-data
2020-12-10,1800,208,2061,4069,44.23691324649791,HuggingFace:cedwyh/jinjing-shared-data
2020-12-11,749,71,3250,4070,18.402948402948404,HuggingFace:cedwyh/jinjing-shared-data
2020-12-14,2501,170,1403,4074,61.389297987236134,HuggingFace:cedwyh/jinjing-shared-data
2020-12-15,1725,175,2175,4075,42.331288343558285,HuggingFace:cedwyh/jinjing-shared-data
2020-12-16,993,116,2970,4079,24.34420201029664,HuggingFace:cedwyh/jinjing-shared-data
2020-12-17,2767,158,1155,4080,67.81862745098039,HuggingFace:cedwyh/jinjing-shared-data
2020-12-18,1359,155,2567,4081,33.300661602548395,HuggingFace:cedwyh/jinjing-shared-data
2020-12-21,2621,228,1235,4084,64.17727717923604,HuggingFace:cedwyh/jinjing-shared-data
2020-12-22,610,59,3412,4081,14.947316834109287,HuggingFace:cedwyh/jinjing-shared-data
2020-12-23,2056,226,1804,4086,50.31815956926089,HuggingFace:cedwyh/jinjing-shared-data
2020-12-24,787,77,3222,4086,19.26089084679393,HuggingFace:cedwyh/jinjing-shared-data
2020-12-25,2641,188,1260,4089,64.58791880655417,HuggingFace:cedwyh/jinjing-shared-data
2020-12-28,1080,99,2914,4093,26.386513559736134,HuggingFace:cedwyh/jinjing-shared-data
2020-12-29,2047,187,1867,4101,49.91465496220434,HuggingFace:cedwyh/jinjing-shared-data
2020-12-30,1970,271,1860,4101,48.03706413069983,HuggingFace:cedwyh/jinjing-shared-data
2020-12-31,3111,203,788,4102,75.84105314480742,HuggingFace:cedwyh/jinjing-shared-data
2021-01-04,2783,167,1157,4107,67.76235695154614,HuggingFace:cedwyh/jinjing-shared-data
2021-01-05,1616,126,2367,4109,39.32830372353371,HuggingFace:cedwyh/jinjing-shared-data
2021-01-06,1059,88,2961,4108,25.778967867575464,HuggingFace:cedwyh/jinjing-shared-data
2021-01-07,776,58,3279,4113,18.86700705081449,HuggingFace:cedwyh/jinjing-shared-data
2021-01-08,2013,153,1950,4116,48.9067055393586,HuggingFace:cedwyh/jinjing-shared-data
2021-01-11,768,54,3290,4112,18.67704280155642,HuggingFace:cedwyh/jinjing-shared-data
2021-01-12,2482,268,1362,4112,60.35992217898833,HuggingFace:cedwyh/jinjing-shared-data
2021-01-13,1073,72,2969,4114,26.08167233835683,HuggingFace:cedwyh/jinjing-shared-data
2021-01-14,2464,143,1505,4112,59.92217898832685,HuggingFace:cedwyh/jinjing-shared-data
2021-01-15,2924,134,1051,4109,71.16086639084935,HuggingFace:cedwyh/jinjing-shared-data
2021-01-18,2935,239,935,4109,71.42857142857143,HuggingFace:cedwyh/jinjing-shared-data
2021-01-19,2296,140,1676,4112,55.83657587548638,HuggingFace:cedwyh/jinjing-shared-data
2021-01-20,1761,157,2193,4111,42.83629287278035,HuggingFace:cedwyh/jinjing-shared-data
2021-01-21,2184,238,1692,4114,53.08701993193972,HuggingFace:cedwyh/jinjing-shared-data
2021-01-22,1113,75,2931,4119,27.02112163146395,HuggingFace:cedwyh/jinjing-shared-data
2021-01-25,965,67,3089,4121,23.416646445037614,HuggingFace:cedwyh/jinjing-shared-data
2021-01-26,1441,205,2476,4122,34.95875788452208,HuggingFace:cedwyh/jinjing-shared-data
2021-01-27,1959,196,1969,4124,47.50242483026188,HuggingFace:cedwyh/jinjing-shared-data
2021-01-28,1034,155,2941,4130,25.0363196125908,HuggingFace:cedwyh/jinjing-shared-data
2021-01-29,1047,96,2991,4134,25.326560232220608,HuggingFace:cedwyh/jinjing-shared-data
2021-02-01,2309,129,1700,4138,55.79990333494442,HuggingFace:cedwyh/jinjing-shared-data
2021-02-02,1983,183,1973,4139,47.91012321816864,HuggingFace:cedwyh/jinjing-shared-data
2021-02-03,947,100,3092,4139,22.879922686639286,HuggingFace:cedwyh/jinjing-shared-data
2021-02-04,859,73,3208,4140,20.7487922705314,HuggingFace:cedwyh/jinjing-shared-data
2021-02-05,1240,150,2749,4139,29.95892727712008,HuggingFace:cedwyh/jinjing-shared-data
2021-02-08,1987,197,1955,4139,48.006764919062576,HuggingFace:cedwyh/jinjing-shared-data
2021-02-09,3331,144,670,4145,80.36188178528347,HuggingFace:cedwyh/jinjing-shared-data
2021-02-10,2491,228,1434,4153,59.98073681675897,HuggingFace:cedwyh/jinjing-shared-data
2021-02-18,3580,60,513,4153,86.20274500361185,HuggingFace:cedwyh/jinjing-shared-data
2021-02-19,3618,43,496,4157,87.03391869136397,HuggingFace:cedwyh/jinjing-shared-data
2021-02-22,2587,130,1440,4157,62.23237911955737,HuggingFace:cedwyh/jinjing-shared-data
2021-02-23,1236,130,2792,4158,29.725829725829726,HuggingFace:cedwyh/jinjing-shared-data
2021-02-24,2040,202,1916,4158,49.06204906204906,HuggingFace:cedwyh/jinjing-shared-data
2021-02-25,1269,138,2753,4160,30.504807692307693,HuggingFace:cedwyh/jinjing-shared-data
2021-02-26,1750,181,2230,4161,42.05719778899303,HuggingFace:cedwyh/jinjing-shared-data
2021-03-01,3568,119,475,4162,85.72801537722249,HuggingFace:cedwyh/jinjing-shared-data
2021-03-02,1234,122,2809,4165,29.627851140456183,HuggingFace:cedwyh/jinjing-shared-data
2021-03-03,3157,172,836,4165,75.7983193277311,HuggingFace:cedwyh/jinjing-shared-data
2021-03-04,1224,166,2777,4167,29.37365010799136,HuggingFace:cedwyh/jinjing-shared-data
2021-03-05,2872,136,1160,4168,68.90595009596929,HuggingFace:cedwyh/jinjing-shared-data
2021-03-08,1017,132,3019,4168,24.400191938579656,HuggingFace:cedwyh/jinjing-shared-data
2021-03-09,610,83,3476,4169,14.631806188534421,HuggingFace:cedwyh/jinjing-shared-data
2021-03-10,1010,106,3055,4171,24.214816590745624,HuggingFace:cedwyh/jinjing-shared-data
2021-03-11,3653,89,428,4170,87.60191846522781,HuggingFace:cedwyh/jinjing-shared-data
2021-03-12,1897,157,2117,4171,45.4807000719252,HuggingFace:cedwyh/jinjing-shared-data
2021-03-15,1783,157,2233,4173,42.72705487658759,HuggingFace:cedwyh/jinjing-shared-data
2021-03-16,3052,158,964,4174,73.1193100143747,HuggingFace:cedwyh/jinjing-shared-data
2021-03-17,2299,195,1681,4175,55.06586826347306,HuggingFace:cedwyh/jinjing-shared-data
2021-03-18,1739,187,2249,4175,41.65269461077844,HuggingFace:cedwyh/jinjing-shared-data
2021-03-19,1705,191,2278,4174,40.84810733109727,HuggingFace:cedwyh/jinjing-shared-data
2021-03-22,3391,133,654,4178,81.16323599808521,HuggingFace:cedwyh/jinjing-shared-data
2021-03-23,1157,102,2924,4183,27.659574468085108,HuggingFace:cedwyh/jinjing-shared-data
2021-03-24,1299,177,2706,4182,31.061692969870876,HuggingFace:cedwyh/jinjing-shared-data
2021-03-25,1627,172,2386,4185,38.87694145758662,HuggingFace:cedwyh/jinjing-shared-data
2021-03-26,3146,218,822,4186,75.15527950310559,HuggingFace:cedwyh/jinjing-shared-data
2021-03-29,1835,153,2201,4189,43.80520410599188,HuggingFace:cedwyh/jinjing-shared-data
2021-03-30,1281,101,2812,4194,30.54363376251788,HuggingFace:cedwyh/jinjing-shared-data
2021-03-31,2259,192,1742,4193,53.87550679704269,HuggingFace:cedwyh/jinjing-shared-data
2021-04-01,2023,159,2015,4197,48.201096020967356,HuggingFace:cedwyh/jinjing-shared-data
2021-04-02,2177,229,1792,4198,51.85802763220581,HuggingFace:cedwyh/jinjing-shared-data
2021-04-06,2814,217,1171,4202,66.96811042360781,HuggingFace:cedwyh/jinjing-shared-data
2021-04-07,2578,180,1446,4204,61.32254995242626,HuggingFace:cedwyh/jinjing-shared-data
2021-04-08,1210,110,2884,4204,28.782112274024737,HuggingFace:cedwyh/jinjing-shared-data
2021-04-09,1926,249,2031,4206,45.791726105563484,HuggingFace:cedwyh/jinjing-shared-data
2021-04-12,1055,134,3020,4209,25.06533618436683,HuggingFace:cedwyh/jinjing-shared-data
2021-04-13,1307,128,2778,4213,31.02302397341562,HuggingFace:cedwyh/jinjing-shared-data
2021-04-14,3117,150,950,4217,73.91510552525492,HuggingFace:cedwyh/jinjing-shared-data
2021-04-15,1745,166,2301,4212,41.4292497625831,HuggingFace:cedwyh/jinjing-shared-data
2021-04-16,3365,88,766,4219,79.75823654894525,HuggingFace:cedwyh/jinjing-shared-data
2021-04-19,3003,198,1020,4221,71.14427860696517,HuggingFace:cedwyh/jinjing-shared-data
2021-04-20,1335,150,2738,4223,31.61259767937485,HuggingFace:cedwyh/jinjing-shared-data
2021-04-21,1469,158,2603,4230,34.72813238770686,HuggingFace:cedwyh/jinjing-shared-data
2021-04-22,2094,247,1894,4235,49.44510035419126,HuggingFace:cedwyh/jinjing-shared-data
2021-04-23,1163,103,2962,4228,27.50709555345317,HuggingFace:cedwyh/jinjing-shared-data
2021-04-26,1548,135,2547,4230,36.59574468085106,HuggingFace:cedwyh/jinjing-shared-data
2021-04-27,1442,134,2645,4221,34.16252072968491,HuggingFace:cedwyh/jinjing-shared-data
2021-04-28,2187,185,1862,4234,51.65328294756731,HuggingFace:cedwyh/jinjing-shared-data
2021-04-29,1805,167,2251,4223,42.74212645039072,HuggingFace:cedwyh/jinjing-shared-data
2021-04-30,1416,144,2659,4219,33.56245555818914,HuggingFace:cedwyh/jinjing-shared-data
2021-05-06,2434,159,1647,4240,57.405660377358494,HuggingFace:cedwyh/jinjing-shared-data
2021-05-07,1761,154,2324,4239,41.54281670205237,HuggingFace:cedwyh/jinjing-shared-data
2021-05-10,2181,165,1895,4241,51.426550341900494,HuggingFace:cedwyh/jinjing-shared-data
2021-05-11,2512,149,1581,4242,59.21735030645922,HuggingFace:cedwyh/jinjing-shared-data
2021-05-12,2815,187,1245,4247,66.28208146927243,HuggingFace:cedwyh/jinjing-shared-data
2021-05-13,1424,154,2677,4255,33.46650998824912,HuggingFace:cedwyh/jinjing-shared-data
2021-05-14,3155,155,947,4257,74.11322527601597,HuggingFace:cedwyh/jinjing-shared-data
2021-05-17,1291,100,2866,4257,30.326521024195443,HuggingFace:cedwyh/jinjing-shared-data
2021-05-18,2405,223,1626,4254,56.535025858015985,HuggingFace:cedwyh/jinjing-shared-data
2021-05-19,1535,167,2553,4255,36.07520564042303,HuggingFace:cedwyh/jinjing-shared-data
2021-05-20,1515,159,2593,4267,35.505038668854,HuggingFace:cedwyh/jinjing-shared-data
2021-05-21,2010,210,2048,4268,47.094657919400184,HuggingFace:cedwyh/jinjing-shared-data
2021-05-24,2571,205,1492,4268,60.23898781630741,HuggingFace:cedwyh/jinjing-shared-data
2021-05-25,2761,237,1272,4270,64.66042154566745,HuggingFace:cedwyh/jinjing-shared-data
2021-05-26,2553,233,1490,4276,59.70533208606174,HuggingFace:cedwyh/jinjing-shared-data
2021-05-27,2540,270,1469,4279,59.35966347277401,HuggingFace:cedwyh/jinjing-shared-data
2021-05-28,1329,144,2806,4279,31.0586585650853,HuggingFace:cedwyh/jinjing-shared-data
2021-05-31,2771,163,1350,4284,64.68253968253968,HuggingFace:cedwyh/jinjing-shared-data
2021-06-01,2691,205,1388,4284,62.81512605042017,HuggingFace:cedwyh/jinjing-shared-data
2021-06-02,1356,136,2794,4286,31.637890807279515,HuggingFace:cedwyh/jinjing-shared-data
2021-06-03,1826,193,2270,4289,42.57402657962229,HuggingFace:cedwyh/jinjing-shared-data
2021-06-04,1783,166,2343,4292,41.54240447343896,HuggingFace:cedwyh/jinjing-shared-data
2021-06-07,2514,182,1591,4287,58.64240727781665,HuggingFace:cedwyh/jinjing-shared-data
2021-06-08,1920,175,2197,4292,44.73438956197577,HuggingFace:cedwyh/jinjing-shared-data
2021-06-09,2084,200,2009,4293,48.54414162590263,HuggingFace:cedwyh/jinjing-shared-data
2021-06-10,2115,185,1995,4295,49.243306169965074,HuggingFace:cedwyh/jinjing-shared-data
2021-06-11,1451,148,2700,4299,33.75203535705978,HuggingFace:cedwyh/jinjing-shared-data
2021-06-15,1330,80,2886,4296,30.95903165735568,HuggingFace:cedwyh/jinjing-shared-data
2021-06-16,1227,190,2880,4297,28.554805678380266,HuggingFace:cedwyh/jinjing-shared-data
2021-06-17,2248,207,1848,4303,52.242621426911455,HuggingFace:cedwyh/jinjing-shared-data
2021-06-18,2627,204,1470,4301,61.07881887933039,HuggingFace:cedwyh/jinjing-shared-data
2021-06-21,2693,195,1412,4300,62.627906976744185,HuggingFace:cedwyh/jinjing-shared-data
2021-06-22,2466,195,1645,4306,57.268927078495125,HuggingFace:cedwyh/jinjing-shared-data
2021-06-23,2006,207,2093,4306,46.586158848118906,HuggingFace:cedwyh/jinjing-shared-data
2021-06-24,1494,156,2661,4311,34.65553235908142,HuggingFace:cedwyh/jinjing-shared-data
2021-06-25,2170,193,1951,4314,50.301344459898004,HuggingFace:cedwyh/jinjing-shared-data
2021-06-28,2234,140,1944,4318,51.73691523853636,HuggingFace:cedwyh/jinjing-shared-data
2021-06-29,1110,97,3116,4323,25.676613462873004,HuggingFace:cedwyh/jinjing-shared-data
2021-06-30,2456,229,1637,4322,56.82554372975474,HuggingFace:cedwyh/jinjing-shared-data
2021-07-01,1080,109,3139,4328,24.953789279112755,HuggingFace:cedwyh/jinjing-shared-data
2021-07-02,1565,184,2580,4329,36.15153615153615,HuggingFace:cedwyh/jinjing-shared-data
2021-07-05,2993,145,1192,4330,69.12240184757506,HuggingFace:cedwyh/jinjing-shared-data
2021-07-06,2216,193,1925,4334,51.13059529303184,HuggingFace:cedwyh/jinjing-shared-data
2021-07-07,2270,240,1828,4338,52.328261871830335,HuggingFace:cedwyh/jinjing-shared-data
2021-07-08,1385,111,2848,4344,31.88305709023941,HuggingFace:cedwyh/jinjing-shared-data
2021-07-09,2599,194,1552,4345,59.81588032220944,HuggingFace:cedwyh/jinjing-shared-data
2021-07-12,2811,207,1329,4347,64.66528640441683,HuggingFace:cedwyh/jinjing-shared-data
2021-07-13,2464,196,1688,4348,56.66973321067157,HuggingFace:cedwyh/jinjing-shared-data
2021-07-14,1224,106,3017,4347,28.15734989648033,HuggingFace:cedwyh/jinjing-shared-data
2021-07-15,1434,117,2793,4344,33.011049723756905,HuggingFace:cedwyh/jinjing-shared-data
2021-07-16,1707,250,2392,4349,39.250402391354335,HuggingFace:cedwyh/jinjing-shared-data
2021-07-19,1769,129,2450,4348,40.685372585096594,HuggingFace:cedwyh/jinjing-shared-data
2021-07-20,2089,205,2055,4349,48.03403081168084,HuggingFace:cedwyh/jinjing-shared-data
2021-07-21,2803,206,1343,4352,64.40716911764706,HuggingFace:cedwyh/jinjing-shared-data
2021-07-22,2248,169,1936,4353,51.6425453710085,HuggingFace:cedwyh/jinjing-shared-data
2021-07-23,1182,88,3085,4355,27.14121699196326,HuggingFace:cedwyh/jinjing-shared-data
2021-07-26,1062,64,3233,4359,24.36338609772884,HuggingFace:cedwyh/jinjing-shared-data
2021-07-27,949,97,3316,4362,21.756075194864742,HuggingFace:cedwyh/jinjing-shared-data
2021-07-28,904,58,3402,4364,20.714940421631532,HuggingFace:cedwyh/jinjing-shared-data
2021-07-29,3616,130,620,4366,82.82180485570316,HuggingFace:cedwyh/jinjing-shared-data
2021-07-30,2605,146,1618,4369,59.62462806134127,HuggingFace:cedwyh/jinjing-shared-data
2021-08-02,3472,91,808,4371,79.43262411347517,HuggingFace:cedwyh/jinjing-shared-data
2021-08-03,2014,168,2192,4374,46.04481024234111,HuggingFace:cedwyh/jinjing-shared-data
2021-08-04,2563,196,1619,4378,58.54271356783919,HuggingFace:cedwyh/jinjing-shared-data
2021-08-05,1336,115,2930,4381,30.495320703035837,HuggingFace:cedwyh/jinjing-shared-data
2021-08-06,1813,171,2402,4386,41.336069311445506,HuggingFace:cedwyh/jinjing-shared-data
2021-08-09,3082,97,1207,4386,70.26903784769722,HuggingFace:cedwyh/jinjing-shared-data
2021-08-10,2956,211,1222,4389,67.35019366598314,HuggingFace:cedwyh/jinjing-shared-data
2021-08-11,2239,204,1944,4387,51.037155231365396,HuggingFace:cedwyh/jinjing-shared-data
2021-08-12,2019,194,2178,4391,45.98041448417217,HuggingFace:cedwyh/jinjing-shared-data
2021-08-13,1821,191,2384,4396,41.42402183803458,HuggingFace:cedwyh/jinjing-shared-data
2021-08-16,2257,159,1983,4399,51.3071152534667,HuggingFace:cedwyh/jinjing-shared-data
2021-08-17,592,44,3766,4402,13.448432530667878,HuggingFace:cedwyh/jinjing-shared-data
2021-08-18,2933,129,1340,4402,66.6288050885961,HuggingFace:cedwyh/jinjing-shared-data
2021-08-19,1636,166,2603,4405,37.13961407491487,HuggingFace:cedwyh/jinjing-shared-data
2021-08-20,1503,144,2762,4409,34.08936266727149,HuggingFace:cedwyh/jinjing-shared-data
2021-08-23,3615,113,680,4408,82.00998185117967,HuggingFace:cedwyh/jinjing-shared-data
2021-08-24,2351,216,1844,4411,53.29857175243709,HuggingFace:cedwyh/jinjing-shared-data
2021-08-25,2638,162,1613,4413,59.777928846589624,HuggingFace:cedwyh/jinjing-shared-data
2021-08-26,1524,134,2757,4415,34.51868629671574,HuggingFace:cedwyh/jinjing-shared-data
2021-08-27,1768,151,2496,4415,40.045300113250285,HuggingFace:cedwyh/jinjing-shared-data
2021-08-30,1912,118,2386,4416,43.29710144927536,HuggingFace:cedwyh/jinjing-shared-data
2021-08-31,2075,112,2228,4415,46.998867497168746,HuggingFace:cedwyh/jinjing-shared-data
2021-09-01,2200,103,2112,4415,49.83012457531144,HuggingFace:cedwyh/jinjing-shared-data
2021-09-02,2605,165,1645,4415,59.00339750849377,HuggingFace:cedwyh/jinjing-shared-data
2021-09-03,2425,128,1862,4415,54.92638731596829,HuggingFace:cedwyh/jinjing-shared-data
2021-09-06,3042,168,1204,4414,68.91708201178069,HuggingFace:cedwyh/jinjing-shared-data
2021-09-07,2879,180,1360,4419,65.15048653541525,HuggingFace:cedwyh/jinjing-shared-data
2021-09-08,2717,96,1608,4421,61.45668400814296,HuggingFace:cedwyh/jinjing-shared-data
2021-09-09,1928,160,2336,4424,43.58047016274865,HuggingFace:cedwyh/jinjing-shared-data
2021-09-10,1444,87,2897,4428,32.61065943992773,HuggingFace:cedwyh/jinjing-shared-data
2021-09-13,2458,117,1856,4431,55.472805235838415,HuggingFace:cedwyh/jinjing-shared-data
2021-09-14,1132,60,3243,4435,25.52423900789177,HuggingFace:cedwyh/jinjing-shared-data
2021-09-15,2510,123,1803,4436,56.58250676284941,HuggingFace:cedwyh/jinjing-shared-data
2021-09-16,1049,83,3302,4434,23.65809652683807,HuggingFace:cedwyh/jinjing-shared-data
2021-09-17,1756,99,2580,4435,39.59413754227734,HuggingFace:cedwyh/jinjing-shared-data
2021-09-22,2136,127,2170,4433,48.184073990525604,HuggingFace:cedwyh/jinjing-shared-data
2021-09-23,2889,114,1431,4434,65.15561569688768,HuggingFace:cedwyh/jinjing-shared-data
2021-09-24,966,48,3420,4434,21.786197564276048,HuggingFace:cedwyh/jinjing-shared-data
2021-09-27,846,27,3560,4433,19.084141664786827,HuggingFace:cedwyh/jinjing-shared-data
2021-09-28,2445,139,1852,4436,55.11722272317403,HuggingFace:cedwyh/jinjing-shared-data
2021-09-29,469,38,3933,4440,10.563063063063064,HuggingFace:cedwyh/jinjing-shared-data
2021-09-30,3733,97,613,4443,84.01980643709206,HuggingFace:cedwyh/jinjing-shared-data
2021-10-08,3406,50,991,4447,76.59096019788622,HuggingFace:cedwyh/jinjing-shared-data
2021-10-11,2008,195,2246,4449,45.1337379186334,HuggingFace:cedwyh/jinjing-shared-data
2021-10-12,778,80,3594,4452,17.47529200359389,HuggingFace:cedwyh/jinjing-shared-data
2021-10-13,2536,163,1752,4451,56.975960458323975,HuggingFace:cedwyh/jinjing-shared-data
2021-10-14,2339,233,1880,4452,52.5381850853549,HuggingFace:cedwyh/jinjing-shared-data
2021-10-15,1272,104,3077,4453,28.565012351223896,HuggingFace:cedwyh/jinjing-shared-data
2021-10-18,2699,124,1634,4457,60.556428090643934,HuggingFace:cedwyh/jinjing-shared-data
2021-10-19,2255,217,1987,4459,50.571877102489346,HuggingFace:cedwyh/jinjing-shared-data
2021-10-20,1575,135,2751,4461,35.305985205110964,HuggingFace:cedwyh/jinjing-shared-data
2021-10-21,1325,143,2997,4465,29.67525195968645,HuggingFace:cedwyh/jinjing-shared-data
2021-10-22,1349,170,2949,4468,30.192479856759178,HuggingFace:cedwyh/jinjing-shared-data
2021-10-25,2478,148,1840,4466,55.4858934169279,HuggingFace:cedwyh/jinjing-shared-data
2021-10-26,1582,143,2744,4469,35.39941821436563,HuggingFace:cedwyh/jinjing-shared-data
2021-10-27,890,79,3504,4473,19.897160742231165,HuggingFace:cedwyh/jinjing-shared-data
2021-10-28,1020,90,3371,4481,22.762776166034367,HuggingFace:cedwyh/jinjing-shared-data
2021-10-29,3459,88,936,4483,77.15815302252956,HuggingFace:cedwyh/jinjing-shared-data
2021-11-01,3078,156,1249,4483,68.65937987954494,HuggingFace:cedwyh/jinjing-shared-data
2021-11-02,1091,57,3338,4486,24.32010699955417,HuggingFace:cedwyh/jinjing-shared-data
2021-11-03,2915,189,1383,4487,64.96545576108758,HuggingFace:cedwyh/jinjing-shared-data
2021-11-04,3270,179,1040,4489,72.84473156605034,HuggingFace:cedwyh/jinjing-shared-data
2021-11-05,1770,136,2583,4489,39.42971708621074,HuggingFace:cedwyh/jinjing-shared-data
2021-11-08,2564,170,1756,4490,57.10467706013363,HuggingFace:cedwyh/jinjing-shared-data
2021-11-09,3063,213,1210,4486,68.27909050378956,HuggingFace:cedwyh/jinjing-shared-data
2021-11-10,2690,225,1571,4486,59.964333481943825,HuggingFace:cedwyh/jinjing-shared-data
2021-11-11,2980,153,1353,4486,66.4288898796255,HuggingFace:cedwyh/jinjing-shared-data
2021-11-12,2667,218,1605,4490,59.39866369710467,HuggingFace:cedwyh/jinjing-shared-data
2021-11-15,2985,128,1380,4493,66.43667927887826,HuggingFace:cedwyh/jinjing-shared-data
2021-11-16,1216,111,3168,4495,27.052280311457174,HuggingFace:cedwyh/jinjing-shared-data
2021-11-17,3243,174,1080,4497,72.11474316210807,HuggingFace:cedwyh/jinjing-shared-data
2021-11-18,1259,131,3112,4502,27.965348733896047,HuggingFace:cedwyh/jinjing-shared-data
2021-11-19,3256,143,1107,4506,72.25920994229915,HuggingFace:cedwyh/jinjing-shared-data
2021-11-22,2378,204,1925,4507,52.76236964721544,HuggingFace:cedwyh/jinjing-shared-data
2021-11-23,2361,230,1920,4511,52.33872755486588,HuggingFace:cedwyh/jinjing-shared-data
2021-11-24,2266,211,2032,4509,50.255045464626306,HuggingFace:cedwyh/jinjing-shared-data
2021-11-25,1947,173,2391,4511,43.16116160496564,HuggingFace:cedwyh/jinjing-shared-data
2021-11-26,1523,109,2877,4509,33.77689066311821,HuggingFace:cedwyh/jinjing-shared-data
2021-11-29,1589,106,2817,4512,35.21719858156028,HuggingFace:cedwyh/jinjing-shared-data
2021-11-30,2848,162,1503,4513,63.10658098825615,HuggingFace:cedwyh/jinjing-shared-data
2021-12-01,3195,91,1227,4513,70.7954797252382,HuggingFace:cedwyh/jinjing-shared-data
2021-12-02,1089,117,3310,4516,24.114260407440213,HuggingFace:cedwyh/jinjing-shared-data
2021-12-03,2607,220,1689,4516,57.728077945084145,HuggingFace:cedwyh/jinjing-shared-data
2021-12-06,944,86,3489,4519,20.889577340119494,HuggingFace:cedwyh/jinjing-shared-data
2021-12-07,1701,141,2679,4521,37.62441937624419,HuggingFace:cedwyh/jinjing-shared-data
2021-12-08,3193,228,1103,4524,70.57913351016799,HuggingFace:cedwyh/jinjing-shared-data
2021-12-09,2620,169,1737,4526,57.887759611135664,HuggingFace:cedwyh/jinjing-shared-data
2021-12-10,2209,173,2145,4527,48.796112215595315,HuggingFace:cedwyh/jinjing-shared-data
2021-12-13,2239,183,2108,4530,49.42604856512141,HuggingFace:cedwyh/jinjing-shared-data
2021-12-14,2456,148,1925,4529,54.228306469419294,HuggingFace:cedwyh/jinjing-shared-data
2021-12-15,2070,190,2267,4527,45.72564612326044,HuggingFace:cedwyh/jinjing-shared-data
2021-12-16,2931,175,1425,4531,64.68770690796734,HuggingFace:cedwyh/jinjing-shared-data
2021-12-17,1333,155,3044,4532,29.41306266548985,HuggingFace:cedwyh/jinjing-shared-data
2021-12-20,1399,103,3032,4534,30.85575650639612,HuggingFace:cedwyh/jinjing-shared-data
2021-12-21,3583,69,883,4535,79.0077177508269,HuggingFace:cedwyh/jinjing-shared-data
2021-12-22,2300,127,2108,4535,50.71664829106946,HuggingFace:cedwyh/jinjing-shared-data
2021-12-23,1490,92,2961,4543,32.79771076381246,HuggingFace:cedwyh/jinjing-shared-data
2021-12-24,1016,72,3457,4545,22.354235423542356,HuggingFace:cedwyh/jinjing-shared-data
2021-12-27,2686,157,1706,4549,59.04594416355243,HuggingFace:cedwyh/jinjing-shared-data
2021-12-28,2711,138,1700,4549,59.59551549791163,HuggingFace:cedwyh/jinjing-shared-data
2021-12-29,1868,200,2486,4554,41.018884497145365,HuggingFace:cedwyh/jinjing-shared-data
2021-12-30,2880,221,1452,4553,63.25499670546892,HuggingFace:cedwyh/jinjing-shared-data
2021-12-31,2682,207,1665,4554,58.89328063241107,HuggingFace:cedwyh/jinjing-shared-data
2022-01-04,3278,57,1221,4556,71.94907813871818,HuggingFace:cedwyh/jinjing-shared-data
2022-01-05,1097,94,3365,4556,24.078138718173836,HuggingFace:cedwyh/jinjing-shared-data
2022-01-06,2933,161,1464,4558,64.3483984203598,HuggingFace:cedwyh/jinjing-shared-data
2022-01-07,975,72,3513,4560,21.38157894736842,HuggingFace:cedwyh/jinjing-shared-data
2022-01-10,3032,152,1377,4561,66.47664985748739,HuggingFace:cedwyh/jinjing-shared-data
2022-01-11,1673,179,2709,4561,36.68055251041438,HuggingFace:cedwyh/jinjing-shared-data
2022-01-12,3308,161,1095,4564,72.48028045574058,HuggingFace:cedwyh/jinjing-shared-data
2022-01-13,1228,160,3178,4566,26.89443714410863,HuggingFace:cedwyh/jinjing-shared-data
2022-01-14,1502,56,3008,4566,32.89531318440648,HuggingFace:cedwyh/jinjing-shared-data
2022-01-17,3253,156,1156,4565,71.25958378970427,HuggingFace:cedwyh/jinjing-shared-data
2022-01-18,1324,102,3144,4570,28.971553610503282,HuggingFace:cedwyh/jinjing-shared-data
2022-01-19,2328,136,2107,4571,50.929774666374975,HuggingFace:cedwyh/jinjing-shared-data
2022-01-20,738,39,3794,4571,16.14526361846423,HuggingFace:cedwyh/jinjing-shared-data
2022-01-21,1357,141,3074,4572,29.68066491688539,HuggingFace:cedwyh/jinjing-shared-data
2022-01-24,1760,140,2674,4574,38.478355924792304,HuggingFace:cedwyh/jinjing-shared-data
2022-01-25,263,13,4298,4574,5.74989068648885,HuggingFace:cedwyh/jinjing-shared-data
2022-01-26,3058,135,1382,4575,66.8415300546448,HuggingFace:cedwyh/jinjing-shared-data
2022-01-27,259,29,4292,4580,5.655021834061135,HuggingFace:cedwyh/jinjing-shared-data
2022-01-28,3264,80,1241,4585,71.1886586695747,HuggingFace:cedwyh/jinjing-shared-data
2022-02-07,3422,71,1095,4588,74.58587619877943,HuggingFace:cedwyh/jinjing-shared-data
2022-02-08,3608,51,928,4587,78.65707434052757,HuggingFace:cedwyh/jinjing-shared-data
2022-02-09,3457,174,957,4588,75.3487358326068,HuggingFace:cedwyh/jinjing-shared-data
2022-02-10,1679,173,2738,4590,36.57952069716776,HuggingFace:cedwyh/jinjing-shared-data
2022-02-11,592,71,3929,4592,12.89198606271777,HuggingFace:cedwyh/jinjing-shared-data
2022-02-14,2157,166,2270,4593,46.96276943174396,HuggingFace:cedwyh/jinjing-shared-data
2022-02-15,2339,195,2060,4594,50.91423595994776,HuggingFace:cedwyh/jinjing-shared-data
2022-02-16,3486,126,982,4594,75.88158467566392,HuggingFace:cedwyh/jinjing-shared-data
2022-02-17,1566,117,2914,4597,34.06569501849032,HuggingFace:cedwyh/jinjing-shared-data
2022-02-18,3033,151,1414,4598,65.96346237494564,HuggingFace:cedwyh/jinjing-shared-data
2022-02-21,3359,121,1119,4599,73.03761687323332,HuggingFace:cedwyh/jinjing-shared-data
2022-02-22,875,60,3664,4599,19.025875190258752,HuggingFace:cedwyh/jinjing-shared-data
2022-02-23,3501,146,954,4601,76.0921538795914,HuggingFace:cedwyh/jinjing-shared-data
2022-02-24,644,41,3918,4603,13.990875515967847,HuggingFace:cedwyh/jinjing-shared-data
2022-02-25,3289,165,1149,4603,71.45339995655007,HuggingFace:cedwyh/jinjing-shared-data
2022-02-28,1946,156,2500,4602,42.285962624945675,HuggingFace:cedwyh/jinjing-shared-data
2022-03-01,3132,153,1320,4605,68.0130293159609,HuggingFace:cedwyh/jinjing-shared-data
2022-03-02,2568,171,1865,4604,55.77758470894874,HuggingFace:cedwyh/jinjing-shared-data
2022-03-03,1835,127,2642,4604,39.856646394439615,HuggingFace:cedwyh/jinjing-shared-data
2022-03-04,1008,85,3512,4605,21.889250814332247,HuggingFace:cedwyh/jinjing-shared-data
2022-03-07,823,78,3703,4604,17.875760208514336,HuggingFace:cedwyh/jinjing-shared-data
2022-03-08,439,21,4143,4603,9.537258309797958,HuggingFace:cedwyh/jinjing-shared-data
2022-03-09,1062,42,3498,4602,23.076923076923077,HuggingFace:cedwyh/jinjing-shared-data
2022-03-10,3538,109,957,4604,76.8462206776716,HuggingFace:cedwyh/jinjing-shared-data
2022-03-11,2868,168,1570,4606,62.266608771168045,HuggingFace:cedwyh/jinjing-shared-data
2022-03-14,427,22,4162,4611,9.260464107568858,HuggingFace:cedwyh/jinjing-shared-data
2022-03-15,243,7,4364,4614,5.266579973992197,HuggingFace:cedwyh/jinjing-shared-data
2022-03-16,4222,31,364,4617,91.4446610353043,HuggingFace:cedwyh/jinjing-shared-data
2022-03-17,3650,135,833,4618,79.0385448245994,HuggingFace:cedwyh/jinjing-shared-data
2022-03-18,3454,79,1086,4619,74.7780904957783,HuggingFace:cedwyh/jinjing-shared-data
2022-03-21,3162,163,1298,4623,68.39714471122647,HuggingFace:cedwyh/jinjing-shared-data
2022-03-22,1922,177,2525,4624,41.56574394463668,HuggingFace:cedwyh/jinjing-shared-data
2022-03-23,2238,197,2195,4630,48.336933045356375,HuggingFace:cedwyh/jinjing-shared-data
2022-03-24,931,76,3623,4630,20.107991360691145,HuggingFace:cedwyh/jinjing-shared-data
2022-03-25,1723,196,2710,4629,37.221862173255566,HuggingFace:cedwyh/jinjing-shared-data
2022-03-28,1763,160,2709,4632,38.061312607944735,HuggingFace:cedwyh/jinjing-shared-data
2022-03-29,1115,97,3421,4633,24.066479602849125,HuggingFace:cedwyh/jinjing-shared-data
2022-03-30,3744,115,777,4636,80.75927523727351,HuggingFace:cedwyh/jinjing-shared-data
2022-03-31,2036,139,2457,4632,43.95509499136442,HuggingFace:cedwyh/jinjing-shared-data
2022-04-01,1937,139,2556,4632,41.817789291882555,HuggingFace:cedwyh/jinjing-shared-data
2022-04-06,3205,78,1348,4631,69.2075145756856,HuggingFace:cedwyh/jinjing-shared-data
2022-04-07,570,42,4019,4631,12.308356726408983,HuggingFace:cedwyh/jinjing-shared-data
2022-04-08,1540,102,2991,4633,33.23980142456292,HuggingFace:cedwyh/jinjing-shared-data
2022-04-11,556,26,4051,4633,12.000863371465574,HuggingFace:cedwyh/jinjing-shared-data
2022-04-12,3718,72,846,4636,80.19844693701467,HuggingFace:cedwyh/jinjing-shared-data
2022-04-13,830,67,3744,4641,17.88407670760612,HuggingFace:cedwyh/jinjing-shared-data
2022-04-14,3120,195,1329,4644,67.18346253229974,HuggingFace:cedwyh/jinjing-shared-data
2022-04-15,997,61,3582,4640,21.487068965517242,HuggingFace:cedwyh/jinjing-shared-data
2022-04-18,2780,133,1725,4638,59.939629150495904,HuggingFace:cedwyh/jinjing-shared-data
2022-04-19,2661,143,1835,4639,57.361500323345545,HuggingFace:cedwyh/jinjing-shared-data
2022-04-20,1272,92,3280,4644,27.39018087855297,HuggingFace:cedwyh/jinjing-shared-data
2022-04-21,329,20,4300,4649,7.076790707679071,HuggingFace:cedwyh/jinjing-shared-data
2022-04-22,1604,99,2948,4651,34.48720705224683,HuggingFace:cedwyh/jinjing-shared-data
2022-04-25,145,8,4502,4655,3.1149301825993554,HuggingFace:cedwyh/jinjing-shared-data
2022-04-26,736,45,3872,4653,15.817751987964755,HuggingFace:cedwyh/jinjing-shared-data
2022-04-27,3893,54,703,4650,83.72043010752688,HuggingFace:cedwyh/jinjing-shared-data
2022-04-28,1199,70,3372,4641,25.83494936436113,HuggingFace:cedwyh/jinjing-shared-data
2022-04-29,4374,19,246,4639,94.28756197456349,HuggingFace:cedwyh/jinjing-shared-data
2022-05-05,3438,129,1024,4591,74.88564582879548,HuggingFace:cedwyh/jinjing-shared-data
2022-05-06,1230,90,3304,4624,26.600346020761247,HuggingFace:cedwyh/jinjing-shared-data
2022-05-09,3616,102,906,4624,78.20069204152249,HuggingFace:cedwyh/jinjing-shared-data
2022-05-10,3674,145,808,4627,79.40350118867516,HuggingFace:cedwyh/jinjing-shared-data
2022-05-11,2065,183,2379,4627,44.62934947049924,HuggingFace:cedwyh/jinjing-shared-data
2022-05-12,3076,175,1375,4626,66.49373108517078,HuggingFace:cedwyh/jinjing-shared-data
2022-05-13,2694,200,1736,4630,58.18574514038877,HuggingFace:cedwyh/jinjing-shared-data
2022-05-16,2115,197,2317,4629,45.69021386908619,HuggingFace:cedwyh/jinjing-shared-data
2022-05-17,1915,156,2559,4630,41.360691144708426,HuggingFace:cedwyh/jinjing-shared-data
2022-05-18,2762,160,1707,4629,59.667314754806654,HuggingFace:cedwyh/jinjing-shared-data
2022-05-19,2693,196,1739,4628,58.18928262748487,HuggingFace:cedwyh/jinjing-shared-data
2022-05-20,3453,149,1028,4630,74.57883369330453,HuggingFace:cedwyh/jinjing-shared-data
2022-05-23,3427,128,1077,4632,73.9853195164076,HuggingFace:cedwyh/jinjing-shared-data
2022-05-24,278,8,4345,4631,6.003023105160873,HuggingFace:cedwyh/jinjing-shared-data
2022-05-25,3967,57,612,4636,85.56945642795513,HuggingFace:cedwyh/jinjing-shared-data
2022-05-26,2705,144,1792,4641,58.28485240249946,HuggingFace:cedwyh/jinjing-shared-data
2022-05-27,1846,208,2587,4641,39.77591036414566,HuggingFace:cedwyh/jinjing-shared-data
2022-05-30,2929,177,1539,4645,63.05705059203444,HuggingFace:cedwyh/jinjing-shared-data
2022-05-31,3277,174,1200,4651,70.45796602881101,HuggingFace:cedwyh/jinjing-shared-data
2022-06-01,2712,174,1766,4652,58.29750644883921,HuggingFace:cedwyh/jinjing-shared-data
2022-06-02,2871,137,1644,4652,61.71539122957868,HuggingFace:cedwyh/jinjing-shared-data
2022-06-06,3650,150,861,4661,78.30937567045699,HuggingFace:cedwyh/jinjing-shared-data
2022-06-07,1536,110,3022,4668,32.904884318766065,HuggingFace:cedwyh/jinjing-shared-data
2022-06-08,1666,173,2829,4668,35.6898029134533,HuggingFace:cedwyh/jinjing-shared-data
2022-06-09,715,74,3882,4671,15.307214729180046,HuggingFace:cedwyh/jinjing-shared-data
2022-06-10,3908,161,607,4676,83.57570573139435,HuggingFace:cedwyh/jinjing-shared-data
2022-06-13,2373,126,2181,4680,50.705128205128204,HuggingFace:cedwyh/jinjing-shared-data
2022-06-14,2002,202,2473,4677,42.80521701945692,HuggingFace:cedwyh/jinjing-shared-data
2022-06-15,2030,182,2468,4680,43.376068376068375,HuggingFace:cedwyh/jinjing-shared-data
2022-06-16,2909,160,1607,4676,62.211291702309666,HuggingFace:cedwyh/jinjing-shared-data
2022-06-17,2295,174,2202,4671,49.13294797687861,HuggingFace:cedwyh/jinjing-shared-data
2022-06-20,3156,162,1357,4675,67.50802139037434,HuggingFace:cedwyh/jinjing-shared-data
2022-06-21,1686,177,2814,4677,36.04874919820398,HuggingFace:cedwyh/jinjing-shared-data
2022-06-22,921,65,3683,4669,19.72585136003427,HuggingFace:cedwyh/jinjing-shared-data
2022-06-23,3905,96,673,4674,83.54728284124947,HuggingFace:cedwyh/jinjing-shared-data
2022-06-24,2949,214,1509,4672,63.12071917808219,HuggingFace:cedwyh/jinjing-shared-data
2022-06-27,2631,245,1797,4673,56.30216135245025,HuggingFace:cedwyh/jinjing-shared-data
2022-06-28,3480,116,1075,4671,74.50224791265254,HuggingFace:cedwyh/jinjing-shared-data
2022-06-29,750,62,3856,4668,16.066838046272494,HuggingFace:cedwyh/jinjing-shared-data
2022-06-30,2729,247,1693,4669,58.44934675519383,HuggingFace:cedwyh/jinjing-shared-data
2022-07-01,1887,148,2639,4674,40.37227214377407,HuggingFace:cedwyh/jinjing-shared-data
2022-07-04,2495,162,2013,4670,53.42612419700214,HuggingFace:cedwyh/jinjing-shared-data
2022-07-05,1229,89,3354,4672,26.305650684931507,HuggingFace:cedwyh/jinjing-shared-data
2022-07-06,1277,94,3305,4676,27.309666381522668,HuggingFace:cedwyh/jinjing-shared-data
2022-07-07,2523,231,1923,4677,53.944836433611286,HuggingFace:cedwyh/jinjing-shared-data
2022-07-08,2482,198,1999,4679,53.0455225475529,HuggingFace:cedwyh/jinjing-shared-data
2022-07-11,1402,129,3149,4680,29.957264957264957,HuggingFace:cedwyh/jinjing-shared-data
2022-07-12,982,103,3594,4679,20.98739046804873,HuggingFace:cedwyh/jinjing-shared-data
2022-07-13,3319,145,1215,4679,70.93396024791622,HuggingFace:cedwyh/jinjing-shared-data
2022-07-14,2534,141,2009,4684,54.099060631938514,HuggingFace:cedwyh/jinjing-shared-data
2022-07-15,992,45,3648,4685,21.173959445037354,HuggingFace:cedwyh/jinjing-shared-data
2022-07-18,4022,46,622,4690,85.75692963752665,HuggingFace:cedwyh/jinjing-shared-data
2022-07-19,3237,151,1301,4689,69.0339091490723,HuggingFace:cedwyh/jinjing-shared-data
2022-07-20,3023,212,1454,4689,64.47003625506504,HuggingFace:cedwyh/jinjing-shared-data
2022-07-21,1555,169,2965,4689,33.162721262529324,HuggingFace:cedwyh/jinjing-shared-data
2022-07-22,1839,178,2672,4689,39.219449776071656,HuggingFace:cedwyh/jinjing-shared-data
2022-07-25,1433,128,3125,4686,30.580452411438326,HuggingFace:cedwyh/jinjing-shared-data
2022-07-26,3441,138,1113,4692,73.33759590792839,HuggingFace:cedwyh/jinjing-shared-data
2022-07-27,2716,188,1789,4693,57.873428510547626,HuggingFace:cedwyh/jinjing-shared-data
2022-07-28,2837,226,1631,4694,60.43885811674478,HuggingFace:cedwyh/jinjing-shared-data
2022-07-29,1356,118,3220,4694,28.887942053685556,HuggingFace:cedwyh/jinjing-shared-data
2022-08-01,2476,163,2059,4698,52.70327799063431,HuggingFace:cedwyh/jinjing-shared-data
2022-08-02,391,10,4300,4701,8.317379281004042,HuggingFace:cedwyh/jinjing-shared-data
2022-08-03,1658,118,2928,4704,35.24659863945578,HuggingFace:cedwyh/jinjing-shared-data
2022-08-04,3695,86,923,4704,78.55017006802721,HuggingFace:cedwyh/jinjing-shared-data
2022-08-05,3360,113,1231,4704,71.42857142857143,HuggingFace:cedwyh/jinjing-shared-data
2022-08-08,3417,183,1110,4710,72.54777070063695,HuggingFace:cedwyh/jinjing-shared-data
2022-08-09,2120,198,2395,4713,44.98196477827286,HuggingFace:cedwyh/jinjing-shared-data
2022-08-10,2161,173,2378,4712,45.8616298811545,HuggingFace:cedwyh/jinjing-shared-data
2022-08-11,3542,104,1066,4712,75.169779286927,HuggingFace:cedwyh/jinjing-shared-data
2022-08-12,1918,185,2612,4715,40.678685047720045,HuggingFace:cedwyh/jinjing-shared-data
2022-08-15,2225,193,2296,4714,47.19983029274501,HuggingFace:cedwyh/jinjing-shared-data
2022-08-16,2761,185,1773,4719,58.50815850815851,HuggingFace:cedwyh/jinjing-shared-data
2022-08-17,2422,191,2107,4720,51.313559322033896,HuggingFace:cedwyh/jinjing-shared-data
2022-08-18,1911,97,2715,4723,40.46157103535888,HuggingFace:cedwyh/jinjing-shared-data
2022-08-19,1185,161,3383,4729,25.05815182913935,HuggingFace:cedwyh/jinjing-shared-data
2022-08-22,2837,159,1735,4731,59.96618051151977,HuggingFace:cedwyh/jinjing-shared-data
2022-08-23,2322,178,2232,4732,49.070160608622146,HuggingFace:cedwyh/jinjing-shared-data
2022-08-24,415,30,4288,4733,8.768223114303824,HuggingFace:cedwyh/jinjing-shared-data
2022-08-25,2028,117,2589,4734,42.839036755386566,HuggingFace:cedwyh/jinjing-shared-data
2022-08-26,1674,145,2918,4737,35.33882203926536,HuggingFace:cedwyh/jinjing-shared-data
2022-08-29,2963,145,1633,4741,62.49736342543767,HuggingFace:cedwyh/jinjing-shared-data
2022-08-30,2153,127,2463,4743,45.39321104786001,HuggingFace:cedwyh/jinjing-shared-data
2022-08-31,664,45,4035,4744,13.996627318718382,HuggingFace:cedwyh/jinjing-shared-data
2022-09-01,1714,161,2872,4747,36.10701495681483,HuggingFace:cedwyh/jinjing-shared-data
2022-09-02,3506,143,1100,4749,73.82606864603075,HuggingFace:cedwyh/jinjing-shared-data
2022-09-05,2470,113,2169,4752,51.97811447811448,HuggingFace:cedwyh/jinjing-shared-data
2022-09-06,3561,165,1026,4752,74.93686868686869,HuggingFace:cedwyh/jinjing-shared-data
2022-09-07,2233,161,2358,4752,46.99074074074074,HuggingFace:cedwyh/jinjing-shared-data
2022-09-08,1113,134,3506,4753,23.416789396170838,HuggingFace:cedwyh/jinjing-shared-data
2022-09-09,2313,185,2258,4756,48.63330529857023,HuggingFace:cedwyh/jinjing-shared-data
2022-09-13,2497,189,2073,4759,52.46900609371717,HuggingFace:cedwyh/jinjing-shared-data
2022-09-14,1130,114,3517,4761,23.734509556815794,HuggingFace:cedwyh/jinjing-shared-data
2022-09-15,668,50,4041,4759,14.036562303004834,HuggingFace:cedwyh/jinjing-shared-data
2022-09-16,559,40,4162,4761,11.741230833858433,HuggingFace:cedwyh/jinjing-shared-data
2022-09-19,1087,95,3579,4761,22.8313379542113,HuggingFace:cedwyh/jinjing-shared-data
2022-09-20,3709,138,920,4767,77.80574784980071,HuggingFace:cedwyh/jinjing-shared-data
2022-09-21,2859,159,1752,4770,59.937106918238996,HuggingFace:cedwyh/jinjing-shared-data
2022-09-22,1528,146,3098,4772,32.020117351215426,HuggingFace:cedwyh/jinjing-shared-data
2022-09-23,568,83,4122,4773,11.900272365388645,HuggingFace:cedwyh/jinjing-shared-data
2022-09-26,904,37,3833,4774,18.935902806870548,HuggingFace:cedwyh/jinjing-shared-data
2022-09-27,4274,57,446,4777,89.47037889889052,HuggingFace:cedwyh/jinjing-shared-data
2022-09-28,412,41,4327,4780,8.619246861924687,HuggingFace:cedwyh/jinjing-shared-data
2022-09-29,1594,134,3052,4780,33.34728033472803,HuggingFace:cedwyh/jinjing-shared-data
2022-09-30,1237,201,3343,4781,25.873248274419577,HuggingFace:cedwyh/jinjing-shared-data
2022-10-10,817,110,3859,4786,17.070622649394068,HuggingFace:cedwyh/jinjing-shared-data
2022-10-11,2914,149,1723,4786,60.88591725867112,HuggingFace:cedwyh/jinjing-shared-data
2022-10-12,4418,39,331,4788,92.27234753550543,HuggingFace:cedwyh/jinjing-shared-data
2022-10-13,3107,193,1489,4789,64.8778450615995,HuggingFace:cedwyh/jinjing-shared-data
2022-10-14,4370,69,354,4793,91.17462966826622,HuggingFace:cedwyh/jinjing-shared-data
2022-10-17,3831,107,852,4790,79.97912317327766,HuggingFace:cedwyh/jinjing-shared-data
2022-10-18,2081,222,2487,4790,43.4446764091858,HuggingFace:cedwyh/jinjing-shared-data
2022-10-19,1008,120,3666,4794,21.026282853566958,HuggingFace:cedwyh/jinjing-shared-data
2022-10-20,1738,223,2837,4798,36.2234264276782,HuggingFace:cedwyh/jinjing-shared-data
2022-10-21,2128,258,2413,4799,44.34257136903521,HuggingFace:cedwyh/jinjing-shared-data
2022-10-24,986,66,3747,4799,20.54594707230673,HuggingFace:cedwyh/jinjing-shared-data
2022-10-25,1832,155,2811,4798,38.182576073363904,HuggingFace:cedwyh/jinjing-shared-data
2022-10-26,3919,119,760,4798,81.67986661108796,HuggingFace:cedwyh/jinjing-shared-data
2022-10-27,2182,185,2436,4803,45.42993962107016,HuggingFace:cedwyh/jinjing-shared-data
2022-10-28,373,23,4409,4805,7.762747138397502,HuggingFace:cedwyh/jinjing-shared-data
2022-10-31,3185,104,1515,4804,66.29891756869276,HuggingFace:cedwyh/jinjing-shared-data
2022-11-01,4309,37,460,4806,89.65875988347898,HuggingFace:cedwyh/jinjing-shared-data
2022-11-02,3528,226,1052,4806,73.40823970037454,HuggingFace:cedwyh/jinjing-shared-data
2022-11-03,2486,205,2116,4807,51.7162471395881,HuggingFace:cedwyh/jinjing-shared-data
2022-11-04,4052,106,651,4809,84.2586816385943,HuggingFace:cedwyh/jinjing-shared-data
2022-11-07,2991,170,1649,4810,62.182952182952185,HuggingFace:cedwyh/jinjing-shared-data
2022-11-08,1900,226,2683,4809,39.50925348305261,HuggingFace:cedwyh/jinjing-shared-data
2022-11-09,1970,265,2574,4809,40.96485755874402,HuggingFace:cedwyh/jinjing-shared-data
2022-11-10,1729,187,2897,4813,35.92354041138583,HuggingFace:cedwyh/jinjing-shared-data
2022-11-11,2711,182,1922,4815,56.30321910695743,HuggingFace:cedwyh/jinjing-shared-data
2022-11-14,1933,178,2702,4813,40.162061084562644,HuggingFace:cedwyh/jinjing-shared-data
2022-11-15,4126,99,589,4814,85.70835064395513,HuggingFace:cedwyh/jinjing-shared-data
2022-11-16,1917,189,2707,4813,39.82962809058799,HuggingFace:cedwyh/jinjing-shared-data
2022-11-17,2692,194,1930,4816,55.89700996677741,HuggingFace:cedwyh/jinjing-shared-data
2022-11-18,1257,124,3434,4815,26.105919003115265,HuggingFace:cedwyh/jinjing-shared-data
2022-11-21,2407,156,2258,4821,49.92740095415889,HuggingFace:cedwyh/jinjing-shared-data
2022-11-22,1143,120,3559,4822,23.703857320613853,HuggingFace:cedwyh/jinjing-shared-data
2022-11-23,1613,152,3059,4824,33.43698175787728,HuggingFace:cedwyh/jinjing-shared-data
2022-11-24,2566,199,2061,4826,53.170327393286364,HuggingFace:cedwyh/jinjing-shared-data
2022-11-25,1480,132,3214,4826,30.667219229175302,HuggingFace:cedwyh/jinjing-shared-data
2022-11-28,1456,158,3214,4828,30.15741507870754,HuggingFace:cedwyh/jinjing-shared-data
2022-11-29,4051,75,704,4830,83.87163561076605,HuggingFace:cedwyh/jinjing-shared-data
2022-11-30,1845,218,2766,4829,38.20666804721474,HuggingFace:cedwyh/jinjing-shared-data
2022-12-01,3096,185,1550,4831,64.08611053612088,HuggingFace:cedwyh/jinjing-shared-data
2022-12-02,2916,186,1728,4830,60.37267080745342,HuggingFace:cedwyh/jinjing-shared-data
2022-12-05,3286,115,1427,4828,68.06130903065451,HuggingFace:cedwyh/jinjing-shared-data
2022-12-06,1618,134,3077,4829,33.50590184303169,HuggingFace:cedwyh/jinjing-shared-data
2022-12-07,1949,177,2703,4829,40.36032304825016,HuggingFace:cedwyh/jinjing-shared-data
2022-12-08,1617,155,3057,4829,33.48519362186788,HuggingFace:cedwyh/jinjing-shared-data
2022-12-09,1852,172,2806,4830,38.34368530020704,HuggingFace:cedwyh/jinjing-shared-data
2022-12-12,1943,95,2797,4835,40.18614270941055,HuggingFace:cedwyh/jinjing-shared-data
2022-12-13,1951,143,2743,4837,40.334918337812695,HuggingFace:cedwyh/jinjing-shared-data
2022-12-14,1853,170,2813,4836,38.31679073614558,HuggingFace:cedwyh/jinjing-shared-data
2022-12-15,2689,178,1969,4836,55.603804797353185,HuggingFace:cedwyh/jinjing-shared-data
2022-12-16,1291,112,3434,4837,26.690097167665908,HuggingFace:cedwyh/jinjing-shared-data
2022-12-19,525,26,4284,4835,10.858324715615305,HuggingFace:cedwyh/jinjing-shared-data
2022-12-20,2115,209,2511,4835,43.743536711478804,HuggingFace:cedwyh/jinjing-shared-data
2022-12-21,1265,144,3421,4830,26.19047619047619,HuggingFace:cedwyh/jinjing-shared-data
2022-12-22,817,86,3935,4838,16.887143447705665,HuggingFace:cedwyh/jinjing-shared-data
2022-12-23,1999,226,2615,4840,41.30165289256198,HuggingFace:cedwyh/jinjing-shared-data
2022-12-26,3609,141,1090,4840,74.56611570247934,HuggingFace:cedwyh/jinjing-shared-data
2022-12-27,2893,207,1744,4844,59.7233691164327,HuggingFace:cedwyh/jinjing-shared-data
2022-12-28,908,117,3818,4843,18.74870947759653,HuggingFace:cedwyh/jinjing-shared-data
2022-12-29,1512,143,3194,4849,31.181686945762014,HuggingFace:cedwyh/jinjing-shared-data
2022-12-30,3191,182,1474,4847,65.83453682690323,HuggingFace:cedwyh/jinjing-shared-data
