date,advancers,unchanged,decliners,quoted_total,emotion,limit_up,limit_down,last_update_time,source
2022-01-04,3299,50,1243,4592,71.84233449477352,121,24,2022-01-04 15:00:15,同花顺涨跌分布
2022-01-05,1153,83,3435,4671,24.684221794048383,73,37,2022-01-06 19:36:40,同花顺涨跌分布
2022-01-06,2987,152,1535,4674,63.90671801454857,98,9,2022-01-06 19:47:05,同花顺涨跌分布
2022-01-07,987,70,3620,4677,21.103271327774216,53,26,2022-01-07 15:01:15,同花顺涨跌分布
2022-01-10,3105,144,1428,4677,66.38871071199488,91,15,2022-01-10 15:07:30,同花顺涨跌分布
2022-01-11,1695,162,2823,4680,36.21794871794872,72,12,2022-01-11 15:01:26,同花顺涨跌分布
2022-01-12,3411,142,1129,4682,72.85348141819735,106,4,2022-01-12 15:01:15,同花顺涨跌分布
2022-01-13,1273,150,3260,4683,27.18342942558189,65,16,2022-01-13 15:01:15,同花顺涨跌分布
2022-01-14,1547,48,3088,4683,33.03437967115097,84,19,2022-01-14 15:31:15,同花顺涨跌分布
2022-01-17,3364,132,1188,4684,71.81895815542272,115,30,2022-01-17 15:01:15,同花顺涨跌分布
2022-01-18,1359,90,3240,4689,28.982725527831093,55,63,2022-01-18 15:01:15,同花顺涨跌分布
2022-01-19,2381,128,2179,4688,50.78924914675768,71,20,2022-01-19 15:01:15,同花顺涨跌分布
2022-01-20,820,34,3835,4689,17.487737257410963,50,30,2022-01-20 15:01:15,同花顺涨跌分布
2022-01-21,1394,127,3169,4690,29.722814498933904,60,51,2022-01-21 15:15:15,同花顺涨跌分布
2022-01-24,1795,125,2772,4692,38.25660699062234,67,44,2022-01-24 15:01:15,同花顺涨跌分布
2022-01-25,272,11,4409,4692,5.797101449275362,32,81,2022-01-25 15:31:15,同花顺涨跌分布
2022-01-26,3137,121,1435,4693,66.84423609631367,61,49,2022-01-26 15:01:15,同花顺涨跌分布
2022-01-27,271,26,4402,4699,5.767184507341987,18,110,2022-01-27 15:19:45,同花顺涨跌分布
2022-01-28,3356,72,1276,4704,71.34353741496598,63,39,2022-01-28 15:01:15,同花顺涨跌分布
2022-02-07,3513,66,1125,4704,74.6811224489796,110,47,2022-02-07 15:31:15,同花顺涨跌分布
2022-02-08,3679,46,978,4703,78.22666383159685,97,18,2022-02-08 15:01:15,同花顺涨跌分布
2022-02-09,3546,164,995,4705,75.36663124335813,115,6,2022-02-09 15:08:45,同花顺涨跌分布
2022-02-10,1708,159,2842,4709,36.27097048205564,68,8,2022-02-10 15:01:15,同花顺涨跌分布
2022-02-11,598,67,4044,4709,12.69908685495859,59,21,2022-02-11 15:01:15,同花顺涨跌分布
2022-02-14,2201,152,2357,4710,46.73036093418259,97,19,2022-02-14 15:17:15,同花顺涨跌分布
2022-02-15,2423,174,2115,4712,51.42190152801358,68,18,2022-02-15 15:01:15,同花顺涨跌分布
2022-02-16,2627,93,834,3554,73.91671356218346,83,4,2023-03-21 20:47:52,同花顺涨跌分布
2022-02-17,1593,109,3012,4714,33.79295714891812,58,15,2022-02-17 15:31:15,同花顺涨跌分布
2022-02-18,3102,134,1481,4717,65.7621369514522,71,1,2022-02-18 15:01:15,同花顺涨跌分布
2022-02-21,3428,117,1172,4717,72.67330930676277,115,6,2022-02-21 15:01:15,同花顺涨跌分布
2022-02-22,895,54,3769,4718,18.96990250105977,62,10,2022-02-22 15:01:15,同花顺涨跌分布
2022-02-23,3608,136,976,4720,76.4406779661017,102,3,2022-02-23 15:31:15,同花顺涨跌分布
2022-02-24,658,36,4027,4721,13.937725058250372,46,36,2022-02-24 15:31:15,同花顺涨跌分布
2022-02-25,3383,149,1189,4721,71.65854691802585,75,7,2022-02-25 15:01:15,同花顺涨跌分布
2022-02-28,1981,141,2601,4723,41.94367986449291,60,20,2022-02-28 15:01:15,同花顺涨跌分布
2022-03-01,3207,132,1385,4724,67.88738357324301,70,7,2022-03-01 15:01:15,同花顺涨跌分布
2022-03-02,2623,159,1941,4723,55.536735125979256,74,2,2022-03-02 15:01:15,同花顺涨跌分布
2022-03-03,1892,120,2711,4723,40.05928435316536,90,10,2022-03-03 15:01:15,同花顺涨跌分布
2022-03-04,1032,80,3613,4725,21.84126984126984,59,26,2022-03-04 15:01:15,同花顺涨跌分布
2022-03-07,836,68,3822,4726,17.689377909437155,64,23,2022-03-07 15:01:15,同花顺涨跌分布
2022-03-08,451,21,4252,4724,9.546994072819643,23,75,2022-03-08 15:01:15,同花顺涨跌分布
2022-03-09,1081,38,3604,4723,22.88799491848401,53,23,2022-03-09 15:01:15,同花顺涨跌分布
2022-03-10,3636,104,985,4725,76.95238095238095,99,4,2022-03-10 15:01:15,同花顺涨跌分布
2022-03-11,2919,152,1658,4729,61.725523366462255,78,9,2022-03-11 15:01:15,同花顺涨跌分布
2022-03-14,435,24,4275,4734,9.188846641318124,51,35,2022-03-14 15:01:15,同花顺涨跌分布
2022-03-15,245,7,4486,4738,5.1709582102152805,34,137,2022-03-15 15:01:15,同花顺涨跌分布
2022-03-16,4319,32,388,4739,91.1373707533235,137,7,2022-03-16 15:01:15,同花顺涨跌分布
2022-03-17,3776,122,843,4741,79.64564437882304,114,3,2022-04-11 16:52:48,同花顺涨跌分布
2022-03-18,3516,74,1153,4743,74.13029728020241,123,2,2022-04-11 16:52:52,同花顺涨跌分布
2022-03-21,3215,157,1373,4745,67.75553213909379,136,2,2022-03-21 15:01:15,同花顺涨跌分布
2022-03-22,1971,161,2619,4751,41.48600294674805,97,13,2022-03-22 15:01:15,同花顺涨跌分布
2022-03-23,2316,178,2260,4754,48.71687000420699,84,13,2022-03-23 15:01:15,同花顺涨跌分布
2022-03-24,953,69,3731,4753,20.05049442457395,76,17,2022-03-24 15:01:15,同花顺涨跌分布
2022-03-25,1755,175,2823,4753,36.92404796970335,86,23,2022-03-25 15:01:15,同花顺涨跌分布
2022-03-28,1799,143,2813,4755,37.83385909568875,71,36,2022-03-28 15:01:15,同花顺涨跌分布
2022-03-29,1177,91,3490,4758,24.737284573350145,70,25,2022-03-29 15:01:15,同花顺涨跌分布
2022-03-30,3857,100,802,4759,81.0464383273797,91,7,2022-03-30 15:01:15,同花顺涨跌分布
2022-03-31,2090,129,2536,4755,43.953732912723446,59,22,2022-03-31 15:01:15,同花顺涨跌分布
2022-04-01,2036,121,2598,4755,42.818086225026285,89,20,2022-04-01 15:01:15,同花顺涨跌分布
2022-04-06,3264,78,1412,4754,68.6579722339083,101,18,2022-04-06 15:01:15,同花顺涨跌分布
2022-04-07,589,39,4127,4755,12.3869610935857,51,32,2022-04-07 15:01:15,同花顺涨跌分布
2022-04-08,1575,92,3089,4756,33.11606391925988,78,20,2022-04-08 15:01:15,同花顺涨跌分布
2022-04-11,560,24,4172,4756,11.774600504625736,61,63,2022-04-11 15:01:15,同花顺涨跌分布
2022-04-12,3820,66,875,4761,80.23524469649233,108,23,2022-04-12 15:01:15,同花顺涨跌分布
2022-04-13,849,58,3858,4765,17.817418677859393,59,63,2022-04-13 15:01:15,同花顺涨跌分布
2022-04-14,3191,182,1393,4766,66.95342005874949,85,17,2022-04-14 15:01:15,同花顺涨跌分布
2022-04-15,1019,57,3688,4764,21.38958858102435,45,59,2022-04-15 15:01:15,同花顺涨跌分布
2022-04-18,2857,124,1780,4761,60.008401596303294,90,57,2022-04-18 15:01:15,同花顺涨跌分布
2022-04-19,2720,133,1914,4767,57.05894692678834,72,39,2022-04-19 15:31:15,同花顺涨跌分布
2022-04-20,1316,76,3378,4770,27.58909853249476,67,38,2022-04-20 15:01:15,同花顺涨跌分布
2022-04-21,336,16,4423,4775,7.036649214659686,41,118,2022-04-21 15:01:15,同花顺涨跌分布
2022-04-22,1650,91,3037,4778,34.53327752197572,85,103,2022-04-22 15:31:16,同花顺涨跌分布
2022-04-25,151,5,4623,4779,3.159656831973216,31,683,2022-04-25 15:30:16,同花顺涨跌分布
2022-04-26,754,42,3981,4777,15.783964831484196,45,283,2022-04-26 15:31:16,同花顺涨跌分布
2022-04-27,3993,51,729,4773,83.65807668133249,139,77,2022-04-27 15:31:16,同花顺涨跌分布
2022-04-28,1225,67,3474,4766,25.70289550986152,90,77,2022-04-28 15:30:16,同花顺涨跌分布
2022-04-29,4489,15,262,4766,94.18799832144356,247,32,2022-04-29 15:31:16,同花顺涨跌分布
2022-05-05,3532,116,1065,4713,74.94165075323573,176,31,2022-05-05 15:31:18,同花顺涨跌分布
2022-05-06,1270,81,3397,4748,26.74810446503791,106,59,2022-05-06 15:01:16,同花顺涨跌分布
2022-05-09,3714,91,942,4747,78.23888771855908,165,31,2022-05-09 15:30:02,同花顺涨跌分布
2022-05-10,3771,143,836,4750,79.38947368421051,124,28,2022-05-10 15:01:17,同花顺涨跌分布
2022-05-11,2175,165,2410,4750,45.78947368421053,106,31,2022-05-11 15:01:16,同花顺涨跌分布
2022-05-12,3145,165,1441,4751,66.19659019153862,89,30,2022-05-12 15:31:16,同花顺涨跌分布
2022-05-13,2801,186,1767,4754,58.918805216659656,120,30,2022-05-13 15:07:31,同花顺涨跌分布
2022-05-16,2186,189,2378,4753,45.99200504944246,113,23,2022-05-16 15:36:16,同花顺涨跌分布
2022-05-17,1967,143,2646,4756,41.3582842724979,87,30,2022-05-17 15:01:16,同花顺涨跌分布
2022-05-18,2841,155,1760,4756,59.73507148864592,117,10,2022-05-18 15:01:18,同花顺涨跌分布
2022-05-19,2762,185,1807,4754,58.09844341607068,95,7,2022-05-19 15:34:02,同花顺涨跌分布
2022-05-20,3559,137,1063,4759,74.78461861735659,109,5,2022-05-20 15:01:16,同花顺涨跌分布
2022-05-23,3506,119,1133,4758,73.68642286675073,114,14,2022-05-23 15:01:09,同花顺涨跌分布
2022-05-24,284,8,4468,4760,5.966386554621849,47,70,2022-05-24 15:28:16,同花顺涨跌分布
2022-05-25,4048,57,659,4764,84.97061293031066,117,10,2022-05-25 15:01:16,同花顺涨跌分布
2022-05-26,2757,144,1869,4770,57.79874213836478,75,13,2022-05-26 15:01:16,同花顺涨跌分布
2022-05-27,1904,192,2674,4770,39.91614255765199,91,16,2022-05-27 15:01:16,同花顺涨跌分布
2022-05-30,2996,173,1604,4773,62.76974649067672,107,17,2022-05-30 15:01:18,同花顺涨跌分布
2022-05-31,3373,172,1234,4779,70.57961916718979,107,17,2022-05-31 15:03:16,同花顺涨跌分布
2022-06-01,2797,173,1810,4780,58.51464435146444,91,12,2022-06-01 15:01:16,同花顺涨跌分布
2022-06-02,2991,121,1669,4781,62.56013386320853,97,20,2022-06-02 15:01:16,同花顺涨跌分布
2022-06-06,3770,143,882,4795,78.6235662148071,99,18,2022-06-06 15:01:16,同花顺涨跌分布
2022-06-07,1574,113,3110,4797,32.81217427558892,75,18,2022-06-07 15:01:16,同花顺涨跌分布
2022-06-08,1712,163,2926,4801,35.65923765882108,81,11,2022-06-08 15:31:19,同花顺涨跌分布
2022-06-09,729,70,4002,4801,15.184336596542384,52,14,2022-06-09 15:01:17,同花顺涨跌分布
2022-06-10,4003,152,652,4807,83.27439151237779,107,5,2022-06-10 15:01:16,同花顺涨跌分布
2022-06-13,2412,113,2286,4811,50.13510704635211,91,7,2022-06-13 15:01:16,同花顺涨跌分布
2022-06-14,2030,199,2581,4810,42.20374220374221,75,8,2022-06-14 15:01:16,同花顺涨跌分布
2022-06-15,2103,185,2524,4812,43.70324189526185,65,16,2022-06-15 15:10:03,同花顺涨跌分布
2022-06-16,2995,151,1663,4809,62.27906009565398,75,7,2022-06-16 15:01:16,同花顺涨跌分布
2022-06-17,2350,165,2292,4807,48.88703973372166,74,3,2022-06-17 15:01:16,同花顺涨跌分布
2022-06-20,3233,157,1420,4810,67.21413721413721,105,13,2022-06-20 15:37:46,同花顺涨跌分布
2022-06-21,1722,178,2912,4812,35.785536159601,63,10,2022-06-21 15:01:16,同花顺涨跌分布
2022-06-22,948,67,3793,4808,19.7171381031614,82,7,2022-06-22 15:01:16,同花顺涨跌分布
2022-06-23,4004,98,709,4811,83.2259405528996,117,2,2022-06-23 15:01:16,同花顺涨跌分布
2022-06-24,3042,200,1568,4810,63.24324324324324,118,3,2022-06-24 15:01:16,同花顺涨跌分布
2022-06-27,2747,230,1832,4809,57.12206279891869,118,4,2022-06-27 15:19:31,同花顺涨跌分布
2022-06-28,3613,104,1090,4807,75.16122321614313,140,0,2022-06-28 15:01:08,同花顺涨跌分布
2022-06-29,774,58,3973,4805,16.10822060353798,71,48,2022-06-29 15:33:02,同花顺涨跌分布
2022-06-30,2803,232,1771,4806,58.32292967124428,98,18,2022-06-30 15:11:16,同花顺涨跌分布
2022-07-01,1923,148,2740,4811,39.9709000207857,79,30,2022-07-01 15:01:05,同花顺涨跌分布
2022-07-04,2550,156,2099,4805,53.06971904266389,98,17,2022-07-04 15:01:07,同花顺涨跌分布
2022-07-05,1257,89,3464,4810,26.133056133056133,47,10,2022-07-05 15:01:16,同花顺涨跌分布
2022-07-06,1319,95,3401,4815,27.39356178608515,60,18,2022-07-06 15:01:06,同花顺涨跌分布
2022-07-07,2605,222,1988,4815,54.10176531671858,90,3,2022-07-07 15:01:16,同花顺涨跌分布
2022-07-08,2554,199,2065,4818,53.00954753009548,73,10,2022-07-08 15:01:16,同花顺涨跌分布
2022-07-11,1432,128,3257,4817,29.728046501972184,66,18,2022-07-11 15:01:17,同花顺涨跌分布
2022-07-12,1015,102,3700,4817,21.071206144903467,55,18,2022-07-12 15:01:16,同花顺涨跌分布
2022-07-13,3388,143,1287,4818,70.31963470319634,107,9,2022-07-13 15:01:16,同花顺涨跌分布
2022-07-14,2601,134,2087,4822,53.94027374533389,78,15,2022-07-14 15:30:34,同花顺涨跌分布
2022-07-15,1010,37,3779,4826,20.928305014504765,64,52,2022-07-15 15:01:16,同花顺涨跌分布
2022-07-18,4111,50,668,4829,85.13149720439014,132,2,2022-07-18 15:01:03,同花顺涨跌分布
2022-07-19,3307,143,1378,4828,68.49627174813587,100,5,2022-07-19 15:01:03,同花顺涨跌分布
2022-07-20,3126,209,1493,4828,64.74730737365368,104,7,2022-07-20 15:01:16,同花顺涨跌分布
2022-07-21,1594,163,3071,4828,33.01574150787076,82,2,2022-07-21 15:32:16,同花顺涨跌分布
2022-07-22,1891,177,2763,4831,39.14303456841234,73,8,2022-07-22 15:01:16,同花顺涨跌分布
2022-07-25,1479,114,3235,4828,30.633802816901408,68,21,2022-07-25 15:01:16,同花顺涨跌分布
2022-07-26,3555,132,1145,4832,73.57201986754967,93,7,2022-07-26 15:01:05,同花顺涨跌分布
2022-07-27,2818,187,1828,4833,58.30746948065384,100,7,2022-07-27 15:01:16,同花顺涨跌分布
2022-07-28,2913,216,1705,4834,60.260653702937525,102,3,2022-07-28 15:01:16,同花顺涨跌分布
2022-07-29,1387,114,3335,4836,28.68072787427626,69,13,2022-07-29 15:01:03,同花顺涨跌分布
2022-08-01,2541,163,2135,4839,52.510849349039056,101,9,2022-08-01 15:01:16,同花顺涨跌分布
2022-08-02,403,9,4431,4843,8.321288457567624,55,85,2022-08-02 15:01:16,同花顺涨跌分布
2022-08-03,1726,120,2998,4844,35.6317093311313,49,29,2022-08-03 15:01:16,同花顺涨跌分布
2022-08-04,3788,88,969,4845,78.18369453044376,89,10,2022-08-04 15:01:16,同花顺涨跌分布
2022-08-05,3474,109,1266,4849,71.64363786347701,69,19,2022-08-05 15:30:16,同花顺涨跌分布
2022-08-08,3505,177,1172,4854,72.20848784507623,118,3,2022-08-08 15:01:16,同花顺涨跌分布
2022-08-09,2186,197,2472,4855,45.02574665293512,91,1,2022-08-09 15:01:16,同花顺涨跌分布
2022-08-10,2264,167,2424,4855,46.63233779608651,88,4,2022-08-10 15:01:16,同花顺涨跌分布
2022-08-11,3685,88,1082,4855,75.90113285272915,81,8,2022-08-11 15:01:16,同花顺涨跌分布
2022-08-12,1975,172,2711,4858,40.65459036640593,66,9,2022-08-12 15:01:16,同花顺涨跌分布
2022-08-15,2290,182,2384,4856,47.15815485996705,92,8,2022-08-15 15:01:16,同花顺涨跌分布
2022-08-16,2824,181,1857,4862,58.08309337721103,96,1,2022-08-16 15:01:16,同花顺涨跌分布
2022-08-17,2489,194,2180,4863,51.18239769689493,85,4,2022-08-17 15:01:16,同花顺涨跌分布
2022-08-18,1975,97,2798,4870,40.55441478439425,89,6,2022-08-18 15:01:09,同花顺涨跌分布
2022-08-19,1204,150,3519,4873,24.70757233736918,65,12,2022-08-19 15:01:16,同花顺涨跌分布
2022-08-22,2906,158,1810,4874,59.62248666393106,88,11,2022-08-22 15:01:16,同花顺涨跌分布
2022-08-23,2386,175,2314,4875,48.94358974358974,81,5,2022-08-23 15:01:07,同花顺涨跌分布
2022-08-24,424,30,4421,4875,8.697435897435897,40,37,2022-08-24 15:01:12,同花顺涨跌分布
2022-08-25,2074,114,2691,4879,42.508710801393725,69,29,2022-08-25 15:01:16,同花顺涨跌分布
2022-08-26,1743,144,2994,4881,35.709895513214505,45,35,2022-08-26 15:01:05,同花顺涨跌分布
2022-08-29,3028,149,1708,4885,61.985670419652,68,10,2022-08-29 15:01:08,同花顺涨跌分布
2022-08-30,2213,132,2540,4885,45.30194472876152,46,17,2022-08-30 15:07:46,同花顺涨跌分布
2022-08-31,695,46,4150,4891,14.20977305254549,39,65,2022-08-31 15:01:16,同花顺涨跌分布
2022-09-01,1764,154,2973,4891,36.06624412185647,46,19,2022-09-01 15:01:08,同花顺涨跌分布
2022-09-02,3598,143,1157,4898,73.45855451204574,69,10,2022-09-02 15:01:03,同花顺涨跌分布
2022-09-05,2566,115,2218,4899,52.3780363339457,64,11,2022-09-05 15:01:16,同花顺涨跌分布
2022-09-06,3633,170,1095,4898,74.17313189056757,67,2,2022-09-06 15:01:16,同花顺涨跌分布
2022-09-07,2304,159,2435,4898,47.03960800326664,67,12,2022-09-07 15:01:16,同花顺涨跌分布
2022-09-08,1137,135,3630,4902,23.19461444308445,49,7,2022-09-08 15:01:31,同花顺涨跌分布
2022-09-09,2400,176,2331,4907,48.9097208070104,51,9,2022-09-09 15:01:16,同花顺涨跌分布
2022-09-13,2575,184,2148,4907,52.476054615854906,66,10,2022-09-13 15:01:08,同花顺涨跌分布
2022-09-14,1167,117,3624,4908,23.77750611246944,43,9,2022-09-14 15:01:16,同花顺涨跌分布
2022-09-15,683,47,4176,4906,13.921728495719526,38,43,2022-09-15 15:01:04,同花顺涨跌分布
2022-09-16,674,32,4201,4907,13.73547992663542,29,43,2022-09-16 15:01:16,同花顺涨跌分布
2022-09-19,1146,86,3680,4912,23.33061889250814,38,45,2022-09-19 15:01:16,同花顺涨跌分布
2022-09-20,3841,119,954,4914,78.16442816442817,66,3,2022-09-20 15:01:16,同花顺涨跌分布
2022-09-21,2985,154,1781,4920,60.670731707317074,48,10,2022-09-21 15:01:16,同花顺涨跌分布
2022-09-22,1578,129,3212,4919,32.079690994104496,40,8,2022-09-22 15:37:16,同花顺涨跌分布
2022-09-23,578,75,4269,4922,11.743193823648925,27,26,2022-09-23 15:01:04,同花顺涨跌分布
2022-09-26,924,38,3964,4926,18.75761266747869,41,37,2022-09-26 15:24:01,同花顺涨跌分布
2022-09-27,4371,59,500,4930,88.66125760649088,80,7,2022-09-27 15:01:04,同花顺涨跌分布
2022-09-28,438,33,4463,4934,8.877178759627077,43,29,2022-09-28 15:01:16,同花顺涨跌分布
2022-09-29,1638,124,3173,4935,33.191489361702125,29,30,2022-09-29 15:01:04,同花顺涨跌分布
2022-09-30,1283,197,3456,4936,25.992706645056725,45,27,2022-09-30 15:01:21,同花顺涨跌分布
2022-10-10,841,103,3996,4940,17.024291497975707,35,61,2022-10-10 15:44:17,同花顺涨跌分布
2022-10-11,3018,145,1778,4941,61.080752884031575,57,16,2022-10-11 15:01:04,同花顺涨跌分布
2022-10-12,4541,42,360,4943,91.86728707262796,91,2,2022-10-12 15:43:31,同花顺涨跌分布
2022-10-13,3207,190,1548,4945,64.85338725985844,78,10,2022-10-13 15:01:04,同花顺涨跌分布
2022-10-14,4512,69,367,4948,91.18835893290218,110,3,2022-10-14 15:01:11,同花顺涨跌分布
2022-10-17,3935,103,907,4945,79.57532861476238,97,4,2022-10-17 15:01:16,同花顺涨跌分布
2022-10-18,2176,216,2556,4948,43.977364591754245,75,4,2022-10-18 15:01:16,同花顺涨跌分布
2022-10-19,1045,118,3791,4954,21.0940654016956,56,8,2022-10-19 15:01:16,同花顺涨跌分布
2022-10-20,1807,219,2928,4954,36.47557529269277,57,15,2022-10-20 15:01:14,同花顺涨跌分布
2022-10-21,2220,252,2483,4955,44.80322906155399,56,19,2022-10-21 15:01:16,同花顺涨跌分布
2022-10-24,1017,64,3874,4955,20.524722502522703,37,41,2022-10-24 15:01:16,同花顺涨跌分布
2022-10-25,1889,145,2922,4956,38.11541565778854,57,29,2022-10-25 15:01:16,同花顺涨跌分布
2022-10-26,4053,111,794,4958,81.74667204517951,83,8,2022-10-26 15:20:01,同花顺涨跌分布
2022-10-27,2230,183,2547,4960,44.95967741935484,51,20,2022-10-27 15:19:16,同花顺涨跌分布
2022-10-28,388,26,4550,4964,7.81627719580983,26,83,2022-10-28 15:01:16,同花顺涨跌分布
2022-10-31,3276,108,1582,4966,65.96858638743456,81,39,2022-10-31 15:01:16,同花顺涨跌分布
2022-11-01,4448,32,489,4969,89.51499295632924,89,2,2022-11-01 15:12:16,同花顺涨跌分布
2022-11-02,3666,212,1090,4968,73.79227053140096,90,5,2022-11-02 15:01:16,同花顺涨跌分布
2022-11-03,2568,193,2208,4969,51.6804185952908,51,5,2022-11-03 15:01:16,同花顺涨跌分布
2022-11-04,4188,102,681,4971,84.24864212432107,79,2,2022-11-04 15:01:16,同花顺涨跌分布
2022-11-07,3119,157,1698,4974,62.70607157217532,77,0,2022-11-07 15:01:16,同花顺涨跌分布
2022-11-08,1956,221,2796,4973,39.33239493263624,55,1,2022-11-08 15:01:16,同花顺涨跌分布
2022-11-09,2022,262,2691,4975,40.64321608040201,58,4,2022-11-09 15:01:16,同花顺涨跌分布
2022-11-10,1780,178,3021,4979,35.75015063265716,68,6,2022-11-10 15:01:16,同花顺涨跌分布
2022-11-11,2826,183,1973,4982,56.724207145724606,60,7,2022-11-11 15:01:16,同花顺涨跌分布
2022-11-14,2004,174,2803,4981,40.23288496285886,75,13,2022-11-14 15:31:16,同花顺涨跌分布
2022-11-15,4256,104,621,4981,85.44468982132102,98,4,2022-11-15 15:01:16,同花顺涨跌分布
2022-11-16,1977,184,2823,4984,39.6669341894061,55,6,2022-11-16 15:01:16,同花顺涨跌分布
2022-11-17,2776,188,2020,4984,55.69823434991974,74,1,2022-11-17 15:01:16,同花顺涨跌分布
2022-11-18,1315,129,3544,4988,26.36327185244587,54,5,2022-11-18 15:01:16,同花顺涨跌分布
2022-11-21,2557,138,2295,4990,51.24248496993988,63,14,2022-11-21 15:30:16,同花顺涨跌分布
2022-11-22,1161,115,3718,4994,23.24789747697237,48,26,2022-11-22 15:00:16,同花顺涨跌分布
2022-11-23,1686,144,3165,4995,33.75375375375375,50,35,2022-11-23 15:00:31,同花顺涨跌分布
2022-11-24,2648,197,2153,4998,52.9811924769908,56,12,2022-11-24 15:00:16,同花顺涨跌分布
2022-11-25,1519,135,3346,5000,30.380000000000003,48,19,2022-11-25 15:00:16,同花顺涨跌分布
2022-11-28,1500,159,3343,5002,29.98800479808077,62,8,2022-11-28 15:00:16,同花顺涨跌分布
2022-11-29,4193,72,740,5005,83.77622377622377,112,0,2022-11-29 15:18:16,同花顺涨跌分布
2022-11-30,1899,217,2890,5006,37.93447862564922,72,5,2022-11-30 15:00:16,同花顺涨跌分布
2022-12-01,3218,170,1620,5008,64.25718849840256,66,6,2022-12-01 15:00:31,同花顺涨跌分布
2022-12-02,3012,179,1818,5009,60.13176282691156,78,10,2022-12-02 15:29:01,同花顺涨跌分布
2022-12-05,3360,124,1523,5007,67.106051527861,71,5,2022-12-05 15:00:16,同花顺涨跌分布
2022-12-06,1670,134,3204,5008,33.346645367412144,54,17,2022-12-06 15:00:16,同花顺涨跌分布
2022-12-07,2010,168,2832,5010,40.11976047904192,61,6,2022-12-07 15:00:16,同花顺涨跌分布
2022-12-08,1682,146,3186,5014,33.54607100119665,61,16,2022-12-08 15:31:16,同花顺涨跌分布
2022-12-09,1933,172,2911,5016,38.53668261562999,48,13,2022-12-09 15:00:16,同花顺涨跌分布
2022-12-12,2014,98,2910,5022,40.10354440461968,50,22,2022-12-12 15:32:16,同花顺涨跌分布
2022-12-13,2003,144,2876,5023,39.8765677881744,64,15,2022-12-13 15:00:16,同花顺涨跌分布
2022-12-14,1904,174,2946,5024,37.898089171974526,56,15,2022-12-14 15:00:16,同花顺涨跌分布
2022-12-15,2786,178,2064,5028,55.40970564836913,39,6,2022-12-15 15:00:16,同花顺涨跌分布
2022-12-16,1323,117,3593,5033,26.2865090403338,41,13,2022-12-16 15:00:16,同花顺涨跌分布
2022-12-19,543,22,4464,5029,10.797375223702526,29,33,2022-12-19 15:31:46,同花顺涨跌分布
2022-12-20,2194,201,2636,5031,43.6096203538064,33,34,2022-12-20 15:00:16,同花顺涨跌分布
2022-12-21,1303,138,3588,5029,25.90972360310201,34,15,2022-12-21 15:00:31,同花顺涨跌分布
2022-12-22,843,90,4106,5039,16.729509823377654,36,18,2022-12-22 15:00:16,同花顺涨跌分布
2022-12-23,2050,219,2775,5044,40.64234734337827,41,24,2022-12-23 15:00:16,同花顺涨跌分布
2022-12-26,3729,145,1171,5045,73.9147670961348,70,11,2022-12-26 15:30:16,同花顺涨跌分布
2022-12-27,3010,201,1839,5050,59.6039603960396,55,13,2022-12-27 15:07:02,同花顺涨跌分布
2022-12-28,969,115,3967,5051,19.184319936646208,40,14,2022-12-28 15:00:16,同花顺涨跌分布
2022-12-29,1576,149,3331,5056,31.170886075949365,48,12,2022-12-29 15:00:16,同花顺涨跌分布
2022-12-30,3318,185,1557,5060,65.57312252964427,53,7,2022-12-30 15:00:16,同花顺涨跌分布
2023-01-03,4272,84,705,5061,84.41019561351511,116,3,2023-01-03 15:00:31,同花顺涨跌分布
2023-01-04,2894,231,1938,5063,57.15978668773455,61,9,2023-01-04 15:04:01,同花顺涨跌分布
2023-01-05,3014,263,1786,5063,59.5299229705708,52,9,2023-01-05 15:00:16,同花顺涨跌分布
2023-01-06,1874,195,2994,5063,37.01362828362631,36,14,2023-01-06 15:00:17,同花顺涨跌分布
2023-01-09,2969,305,1786,5060,58.67588932806325,46,6,2023-01-09 15:00:17,同花顺涨跌分布
2023-01-10,1787,145,3132,5064,35.288309636650865,39,7,2023-01-10 15:30:16,同花顺涨跌分布
2023-01-11,1037,137,3891,5065,20.473840078973343,31,11,2023-01-11 15:00:31,同花顺涨跌分布
2023-01-12,2259,265,2538,5062,44.6266297905966,40,9,2023-01-12 15:00:16,同花顺涨跌分布
2023-01-13,2912,213,1938,5063,57.51530713015999,38,10,2023-01-13 15:00:16,同花顺涨跌分布
2023-01-16,3882,147,1035,5064,76.65876777251185,49,12,2023-01-16 15:00:16,同花顺涨跌分布
2023-01-17,1963,224,2875,5062,38.779138680363495,38,10,2023-01-17 15:00:16,同花顺涨跌分布
2023-01-18,3069,260,1735,5064,60.6042654028436,39,8,2023-01-18 15:00:16,同花顺涨跌分布
2023-01-19,3406,226,1433,5065,67.24580454096743,35,15,2023-01-19 15:00:16,同花顺涨跌分布
2023-01-20,3816,118,1132,5066,75.3257007500987,27,10,2023-01-20 15:00:16,同花顺涨跌分布
2023-01-30,3824,128,1114,5066,75.48361626529807,94,9,2023-01-30 15:00:16,同花顺涨跌分布
2023-01-31,2980,179,1906,5065,58.83514313919053,53,28,2023-01-31 15:00:16,同花顺涨跌分布
2023-02-01,4361,96,610,5067,86.0667061377541,80,12,2023-02-01 15:00:16,同花顺涨跌分布
2023-02-02,2315,184,2571,5070,45.66074950690335,53,14,2023-02-02 15:00:31,同花顺涨跌分布
2023-02-03,1901,170,2996,5067,37.51726860074995,41,9,2023-02-03 15:00:16,同花顺涨跌分布
2023-02-06,1837,219,3013,5069,36.23988952456106,41,12,2023-02-06 15:06:16,同花顺涨跌分布
2023-02-07,3379,188,1504,5071,66.63380003943995,48,9,2023-02-07 15:00:31,同花顺涨跌分布
2023-02-08,1383,149,3539,5071,27.27272727272727,35,6,2023-02-08 15:00:31,同花顺涨跌分布
2023-02-09,4214,143,718,5075,83.03448275862068,35,9,2023-02-09 15:18:16,同花顺涨跌分布
2023-02-10,2190,243,2643,5076,43.14420803782506,28,9,2023-02-10 15:00:16,同花顺涨跌分布
2023-02-13,3508,223,1346,5077,69.09592278904864,47,4,2023-02-13 15:00:31,同花顺涨跌分布
2023-02-14,2254,236,2587,5077,44.39629702580264,31,8,2023-02-14 15:00:31,同花顺涨跌分布
2023-02-15,2167,161,2750,5078,42.674281213076014,43,1,2023-02-15 15:00:16,同花顺涨跌分布
2023-02-16,508,44,4531,5083,9.994097973637617,23,4,2023-02-16 15:00:16,同花顺涨跌分布
2023-02-17,1894,224,2967,5085,37.246804326450345,33,6,2023-02-17 15:00:16,同花顺涨跌分布
2023-02-20,3999,113,976,5088,78.59669811320755,41,16,2023-02-20 15:00:17,同花顺涨跌分布
2023-02-21,2939,223,1927,5089,57.7520141481627,20,5,2023-02-21 15:05:31,同花顺涨跌分布
2023-02-22,2256,245,2590,5091,44.31349440188568,28,6,2023-02-22 15:00:31,同花顺涨跌分布
2023-02-23,1845,229,3017,5091,36.24042427813789,26,4,2023-02-23 15:00:31,同花顺涨跌分布
2023-02-24,1766,231,3093,5090,34.69548133595285,17,6,2023-02-24 15:00:16,同花顺涨跌分布
2023-02-27,1057,118,3915,5090,20.76620825147348,21,7,2023-02-27 15:00:16,同花顺涨跌分布
2023-02-28,3823,136,1133,5092,75.07855459544383,33,2,2023-02-28 15:00:31,同花顺涨跌分布
2023-03-01,3479,223,1392,5094,68.29603455045151,44,2,2023-03-01 15:00:16,同花顺涨跌分布
2023-03-02,1710,203,3183,5096,33.555729984301415,28,8,2023-03-02 15:00:31,同花顺涨跌分布
2023-03-03,2224,225,2648,5097,43.6335099077889,29,4,2023-03-03 15:00:16,同花顺涨跌分布
2023-03-06,2316,194,2588,5098,45.42958022754021,31,2,2023-03-06 15:00:16,同花顺涨跌分布
2023-03-07,445,51,4603,5099,8.727201412041577,30,1,2023-03-07 15:00:16,同花顺涨跌分布
2023-03-08,3568,190,1342,5100,69.96078431372548,40,0,2023-03-08 15:30:46,同花顺涨跌分布
2023-03-09,2357,198,2546,5101,46.20662615173495,35,2,2023-03-09 15:00:16,同花顺涨跌分布
2023-03-10,746,64,4293,5103,14.618851655888692,26,4,2023-03-10 15:00:16,同花顺涨跌分布
2023-03-13,2342,183,2583,5108,45.84964761158966,36,8,2023-03-13 15:00:16,同花顺涨跌分布
2023-03-14,963,72,4075,5110,18.8454011741683,24,12,2023-03-14 15:00:31,同花顺涨跌分布
2023-03-15,3569,127,1417,5113,69.80246430666928,37,1,2023-03-15 15:00:31,同花顺涨跌分布
2023-03-16,687,72,4354,5113,13.436338744377077,23,13,2023-03-16 15:26:31,同花顺涨跌分布
2023-03-17,3220,198,1696,5114,62.964411419632384,36,3,2023-03-17 15:17:31,同花顺涨跌分布
2023-03-20,1892,109,3113,5114,36.99648025029331,25,15,2023-03-20 15:00:16,同花顺涨跌分布
2023-03-21,4172,130,815,5117,81.53214774281807,43,10,2023-03-21 15:00:31,同花顺涨跌分布
2023-03-22,3120,220,1776,5116,60.98514464425332,34,5,2023-03-22 15:00:31,同花顺涨跌分布
2023-03-23,2039,229,2851,5119,39.83199843719476,27,5,2023-03-23 15:00:16,同花顺涨跌分布
2023-03-24,2384,200,2536,5120,46.5625,30,6,2023-03-24 15:00:16,同花顺涨跌分布
2023-03-27,1984,139,2999,5122,38.734869191721984,43,9,2023-03-27 15:26:46,同花顺涨跌分布
2023-03-28,1399,134,3590,5123,27.30821784110872,33,10,2023-03-28 15:00:16,同花顺涨跌分布
2023-03-29,1582,135,3409,5126,30.862270776433864,23,5,2023-03-29 15:00:16,同花顺涨跌分布
2023-03-30,1933,157,3036,5126,37.709715177526334,22,6,2023-03-30 15:11:46,同花顺涨跌分布
2023-03-31,3511,196,1419,5126,68.49395239953179,36,2,2023-03-31 15:00:31,同花顺涨跌分布
2023-04-03,3355,183,1590,5128,65.42511700468019,47,6,2023-04-03 15:00:31,同花顺涨跌分布
2023-04-04,1369,136,3628,5133,26.67056302357296,26,8,2023-04-04 15:07:46,同花顺涨跌分布
2023-04-06,2040,127,2966,5133,39.74284044418469,31,15,2023-04-06 15:00:16,同花顺涨跌分布
2023-04-07,3477,197,1458,5132,67.75136399064692,49,5,2023-04-07 15:00:16,同花顺涨跌分布
2023-04-10,1296,104,3742,5142,25.204200700116687,22,25,2023-04-10 15:00:16,同花顺涨跌分布
2023-04-11,2348,196,2599,5143,45.65428738090608,33,9,2023-04-11 15:00:16,同花顺涨跌分布
2023-04-12,3162,175,1805,5142,61.49358226371062,60,7,2023-04-12 15:00:16,同花顺涨跌分布
2023-04-13,1872,183,3089,5144,36.39191290824261,36,9,2023-04-13 15:30:16,同花顺涨跌分布
2023-04-14,2736,223,2183,5142,53.20886814469078,39,4,2023-04-14 15:32:16,同花顺涨跌分布
2023-04-17,2761,188,2195,5144,53.6741835147745,38,20,2023-04-17 15:30:16,同花顺涨跌分布
2023-04-18,1497,144,3510,5151,29.06231799650553,23,15,2023-04-18 15:00:31,同花顺涨跌分布
2023-04-19,1604,170,3377,5151,31.139584546689964,32,18,2023-04-19 15:32:31,同花顺涨跌分布
2023-04-20,1615,114,3425,5154,31.3348855258052,36,25,2023-04-20 15:00:31,同花顺涨跌分布
2023-04-21,581,48,4524,5153,11.274985445371629,12,44,2023-04-21 15:25:02,同花顺涨跌分布
2023-04-24,2047,167,2940,5154,39.71672487388436,39,47,2023-04-24 15:00:31,同花顺涨跌分布
2023-04-25,851,74,4230,5155,16.508244422890396,33,73,2023-04-25 15:32:06,同花顺涨跌分布
2023-04-26,3502,89,1556,5147,68.03963473868274,57,52,2023-04-26 15:31:16,同花顺涨跌分布
2023-04-27,2611,193,2339,5143,50.76803422127163,40,56,2023-04-27 15:32:01,同花顺涨跌分布
2023-04-28,3996,74,1060,5130,77.89473684210526,98,29,2023-04-28 15:32:02,同花顺涨跌分布
2023-05-04,2997,108,1989,5094,58.8339222614841,102,30,2023-05-04 15:00:16,同花顺涨跌分布
2023-05-05,1555,124,3455,5134,30.28827425009739,50,50,2023-05-05 15:00:16,同花顺涨跌分布
2023-05-08,3000,200,1935,5135,58.422590068159685,62,51,2023-05-08 15:00:16,同花顺涨跌分布
2023-05-09,837,97,4199,5133,16.3062536528346,24,72,2023-05-09 15:00:31,同花顺涨跌分布
2023-05-10,2945,188,2002,5135,57.351509250243424,40,49,2023-05-10 15:00:16,同花顺涨跌分布
2023-05-11,3198,159,1781,5138,62.24211755546906,62,37,2023-05-11 15:00:16,同花顺涨跌分布
2023-05-12,1209,142,3790,5141,23.516825520326783,31,37,2023-05-12 15:00:16,同花顺涨跌分布
2023-05-15,3501,189,1452,5142,68.08634772462077,39,38,2023-05-15 15:00:16,同花顺涨跌分布
2023-05-16,1460,120,3567,5147,28.36603846901108,26,65,2023-05-16 15:00:16,同花顺涨跌分布
2023-05-17,3571,156,1423,5150,69.33980582524272,47,35,2023-05-17 15:00:16,同花顺涨跌分布
2023-05-18,2530,227,2396,5153,49.09761304094702,49,21,2023-05-18 15:00:16,同花顺涨跌分布
2023-05-19,2510,167,2479,5156,48.68114817688131,36,22,2023-05-19 15:00:16,同花顺涨跌分布
2023-05-22,2938,185,2034,5157,56.97110723288734,50,23,2023-05-22 15:00:16,同花顺涨跌分布
2023-05-23,1241,117,3801,5159,24.05504942818376,44,12,2023-05-23 15:00:16,同花顺涨跌分布
2023-05-24,2043,208,2910,5161,39.58535167603178,47,24,2023-05-24 15:10:02,同花顺涨跌分布
2023-05-25,2068,213,2881,5162,40.061991476172025,49,36,2023-05-25 15:00:31,同花顺涨跌分布
2023-05-26,2908,195,2060,5163,56.323842727096654,52,25,2023-05-26 15:00:16,同花顺涨跌分布
2023-05-29,1664,120,3374,5158,32.260566110895695,41,43,2023-05-29 15:00:16,同花顺涨跌分布
2023-05-30,2864,205,2091,5160,55.50387596899225,50,25,2023-05-30 15:00:16,同花顺涨跌分布
2023-05-31,1874,166,3123,5163,36.29672670927755,61,20,2023-05-31 15:00:31,同花顺涨跌分布
2023-06-01,2632,205,2328,5165,50.95837366892546,52,25,2023-06-01 15:00:31,同花顺涨跌分布
2023-06-02,3400,168,1599,5167,65.80220630927037,67,13,2023-06-02 15:00:31,同花顺涨跌分布
2023-06-05,2665,222,2280,5167,51.577317592413394,71,11,2023-06-05 15:00:16,同花顺涨跌分布
2023-06-06,581,60,4527,5168,11.242260061919504,50,19,2023-06-06 15:00:16,同花顺涨跌分布
2023-06-07,2763,185,2220,5168,53.46362229102167,77,7,2023-06-07 15:00:16,同花顺涨跌分布
2023-06-08,1779,162,3229,5170,34.4100580270793,39,18,2023-06-08 15:00:16,同花顺涨跌分布
2023-06-09,2742,195,2237,5174,52.99574797062234,74,11,2023-06-09 15:00:16,同花顺涨跌分布
2023-06-12,2973,171,2032,5176,57.43817619783616,71,13,2023-06-12 15:00:16,同花顺涨跌分布
2023-06-13,2671,243,2262,5176,51.60355486862442,55,4,2023-06-13 15:00:46,同花顺涨跌分布
2023-06-14,2169,214,2791,5174,41.92114418245072,56,3,2023-06-14 15:00:16,同花顺涨跌分布
2023-06-15,2728,208,2242,5178,52.68443414445731,45,7,2023-06-15 15:00:16,同花顺涨跌分布
2023-06-16,3095,250,1831,5176,59.7952086553323,63,3,2023-06-16 15:12:16,同花顺涨跌分布
2023-06-19,1978,118,3086,5182,38.17059050559629,54,6,2023-06-19 15:00:31,同花顺涨跌分布
2023-06-20,1529,109,3546,5184,29.4945987654321,42,11,2023-06-20 15:00:31,同花顺涨跌分布
2023-06-21,947,105,4137,5189,18.25014453651956,47,20,2023-06-21 15:17:31,同花顺涨跌分布
2023-06-26,925,69,4195,5189,17.826170745808444,46,31,2023-06-26 15:00:31,同花顺涨跌分布
2023-06-27,4318,68,806,5192,83.16640986132512,77,4,2023-06-27 15:00:16,同花顺涨跌分布
2023-06-28,2176,210,2812,5198,41.86225471335129,42,11,2023-06-28 15:00:16,同花顺涨跌分布
2023-06-29,3350,183,1667,5200,64.42307692307693,64,2,2023-06-29 15:00:16,同花顺涨跌分布
2023-06-30,3939,152,1114,5205,75.6772334293948,60,2,2023-06-30 15:00:16,同花顺涨跌分布
2023-07-03,3169,164,1873,5206,60.87207068766808,58,11,2023-07-03 15:00:16,同花顺涨跌分布
2023-07-04,3012,257,1938,5207,57.84520837334357,60,5,2023-07-04 15:00:16,同花顺涨跌分布
2023-07-05,1410,218,3580,5208,27.07373271889401,34,8,2023-07-05 15:00:16,同花顺涨跌分布
2023-07-06,2041,265,2900,5206,39.204763734152905,38,6,2023-07-06 15:00:16,同花顺涨跌分布
2023-07-07,1822,234,3153,5209,34.97792282587829,27,9,2023-07-07 15:12:01,同花顺涨跌分布
2023-07-10,2521,266,2422,5209,48.39700518333653,42,11,2023-07-10 15:00:16,同花顺涨跌分布
2023-07-11,3573,228,1407,5208,68.60599078341014,47,3,2023-07-11 15:00:16,同花顺涨跌分布
2023-07-12,900,95,4216,5211,17.271157167530223,35,10,2023-07-12 15:00:16,同花顺涨跌分布
2023-07-13,3925,162,1123,5210,75.3358925143954,40,11,2023-07-13 15:00:31,同花顺涨跌分布
2023-07-14,2145,238,2828,5211,41.162924582613705,43,12,2023-07-14 15:00:16,同花顺涨跌分布
2023-07-17,2076,231,2907,5214,39.81588032220944,33,18,2023-07-17 15:00:16,同花顺涨跌分布
2023-07-18,2546,228,2440,5214,48.83007288070579,21,2,2023-07-18 15:00:16,同花顺涨跌分布
2023-07-19,2166,226,2827,5219,41.50220348725809,22,2,2023-07-19 15:30:16,同花顺涨跌分布
2023-07-20,1017,156,4049,5222,19.475296821141324,30,4,2023-07-20 15:00:16,同花顺涨跌分布
2023-07-21,2164,246,2812,5222,41.44006127920337,35,16,2023-07-21 15:00:16,同花顺涨跌分布
2023-07-24,2457,217,2549,5223,47.04192992533027,27,11,2023-07-24 15:00:16,同花顺涨跌分布
2023-07-25,4414,96,716,5226,84.46230386528893,62,0,2023-07-25 15:00:16,同花顺涨跌分布
2023-07-26,2126,159,2945,5230,40.650095602294456,45,3,2023-07-26 15:07:31,同花顺涨跌分布
2023-07-27,1320,210,3700,5230,25.239005736137663,25,5,2023-07-27 15:00:16,同花顺涨跌分布
2023-07-28,3644,151,1437,5232,69.64831804281346,50,1,2023-07-28 15:00:16,同花顺涨跌分布
2023-07-31,3657,124,1451,5232,69.89678899082568,56,2,2023-07-31 15:00:16,同花顺涨跌分布
2023-08-01,1946,218,3069,5233,37.18708197974393,39,3,2023-08-01 15:00:16,同花顺涨跌分布
2023-08-02,2073,238,2921,5232,39.62155963302752,33,0,2023-08-02 15:00:16,同花顺涨跌分布
2023-08-03,2086,221,2928,5235,39.847182425978986,27,6,2023-08-03 15:00:16,同花顺涨跌分布
2023-08-04,2301,209,2726,5236,43.94576012223071,22,1,2023-08-04 15:31:46,同花顺涨跌分布
2023-08-07,1488,156,3593,5237,28.41321367194959,34,10,2023-08-07 15:00:16,同花顺涨跌分布
2023-08-08,2017,218,3004,5239,38.4997136858179,37,7,2023-08-08 15:30:16,同花顺涨跌分布
2023-08-09,1196,151,3896,5243,22.81136753766928,29,2,2023-08-09 15:00:17,同花顺涨跌分布
2023-08-10,3042,258,1946,5246,57.98703774304232,34,2,2023-08-10 15:00:16,同花顺涨跌分布
2023-08-11,569,55,4623,5247,10.844291976367447,26,4,2023-08-11 15:12:31,同花顺涨跌分布
2023-08-14,2948,209,2089,5246,56.19519634006862,36,7,2023-08-14 15:00:16,同花顺涨跌分布
2023-08-15,1477,179,3592,5248,28.14405487804878,39,3,2023-08-15 15:00:16,同花顺涨跌分布
2023-08-16,1086,164,4001,5251,20.681774900019043,34,5,2023-08-16 15:00:16,同花顺涨跌分布
2023-08-17,3989,162,1102,5253,75.93755948981534,43,1,2023-08-17 15:32:16,同花顺涨跌分布
2023-08-18,1065,100,4091,5256,20.26255707762557,37,9,2023-08-18 15:00:16,同花顺涨跌分布
2023-08-21,1387,174,3695,5256,26.38888888888889,38,6,2023-08-21 15:27:46,同花顺涨跌分布
2023-08-22,2567,188,2502,5257,48.83013125356667,45,14,2023-08-22 15:00:16,同花顺涨跌分布
2023-08-23,605,76,4580,5261,11.499714883102072,36,19,2023-08-23 15:00:16,同花顺涨跌分布
2023-08-24,2282,186,2793,5261,43.375784071469305,36,13,2023-08-24 15:00:16,同花顺涨跌分布
2023-08-25,889,124,4249,5262,16.894716837704298,23,39,2023-08-25 15:00:16,同花顺涨跌分布
2023-08-28,3627,127,1509,5263,68.91506745202356,37,11,2023-08-28 15:00:16,同花顺涨跌分布
2023-08-29,4750,59,453,5262,90.2698593690612,82,1,2023-08-29 15:29:01,同花顺涨跌分布
2023-08-30,3164,128,1972,5264,60.1063829787234,47,3,2023-08-30 15:13:46,同花顺涨跌分布
2023-08-31,1796,174,3294,5264,34.11854103343465,38,9,2023-08-31 15:00:16,同花顺涨跌分布
2023-09-01,2737,165,2363,5265,51.98480531813865,39,0,2023-09-01 15:00:16,同花顺涨跌分布
2023-09-04,4191,81,992,5264,79.61626139817629,57,2,2023-09-04 15:00:16,同花顺涨跌分布
2023-09-05,1592,161,3514,5267,30.2259350674008,23,5,2023-09-05 15:00:16,同花顺涨跌分布
2023-09-06,2812,191,2265,5268,53.37889141989369,38,5,2023-09-06 15:00:16,同花顺涨跌分布
2023-09-07,478,62,4729,5269,9.071930157525149,23,4,2023-09-07 15:00:16,同花顺涨跌分布
2023-09-08,2707,288,2275,5270,51.36622390891841,44,5,2023-09-08 15:00:16,同花顺涨跌分布
2023-09-11,3757,176,1338,5271,71.27679757161829,36,6,2023-09-11 15:00:16,同花顺涨跌分布
2023-09-12,2044,303,2925,5272,38.770864946889226,35,2,2023-09-12 15:00:16,同花顺涨跌分布
2023-09-13,867,169,4236,5272,16.4453717754173,28,0,2023-09-13 15:00:16,同花顺涨跌分布
2023-09-14,1241,167,3865,5273,23.534989569505026,31,2,2023-09-14 15:00:16,同花顺涨跌分布
2023-09-15,2652,250,2372,5274,50.2844141069397,46,1,2023-09-15 15:00:16,同花顺涨跌分布
2023-09-18,3397,207,1671,5275,64.39810426540285,53,14,2023-09-18 15:00:16,同花顺涨跌分布
2023-09-19,1094,182,3999,5275,20.739336492890995,33,9,2023-09-19 15:00:16,同花顺涨跌分布
2023-09-20,1104,201,3972,5277,20.92097782831154,38,13,2023-09-20 15:00:16,同花顺涨跌分布
2023-09-21,1057,200,4021,5278,20.02652519893899,29,0,2023-09-21 15:00:16,同花顺涨跌分布
2023-09-22,4616,84,579,5279,87.44080318242091,35,13,2023-09-22 15:00:16,同花顺涨跌分布
2023-09-25,1641,143,3496,5280,31.079545454545453,30,29,2023-09-25 15:30:31,同花顺涨跌分布
2023-09-26,1515,227,3539,5281,28.68774853247491,36,16,2023-09-26 15:00:16,同花顺涨跌分布
2023-09-27,2934,283,2064,5281,55.55765953417914,41,10,2023-09-27 15:00:16,同花顺涨跌分布
2023-09-28,3782,189,1310,5281,71.6152243893202,47,8,2023-09-28 15:00:16,同花顺涨跌分布
2023-10-09,1697,128,3456,5281,32.13406551789434,65,20,2023-10-09 15:34:02,同花顺涨跌分布
2023-10-10,1869,239,3176,5284,35.370931112793336,48,15,2023-10-10 15:00:16,同花顺涨跌分布
2023-10-11,2516,217,2550,5283,47.62445580162786,41,9,2023-10-11 15:00:16,同花顺涨跌分布
2023-10-12,3318,183,1783,5284,62.79333838001514,33,9,2023-10-12 15:00:16,同花顺涨跌分布
2023-10-13,1297,139,3849,5285,24.54115421002838,43,5,2023-10-13 15:00:16,同花顺涨跌分布
2023-10-16,1523,196,3566,5285,28.817407757805107,64,14,2023-10-16 15:00:16,同花顺涨跌分布
2023-10-17,2194,265,2828,5287,41.49801399659543,32,16,2023-10-17 15:00:16,同花顺涨跌分布
2023-10-18,512,42,4732,5286,9.685962920923194,42,25,2023-10-18 15:00:16,同花顺涨跌分布
2023-10-19,1171,183,3935,5289,22.140291170353564,29,31,2023-10-19 15:19:46,同花顺涨跌分布
2023-10-20,1350,245,3695,5290,25.51984877126654,41,21,2023-10-20 15:00:16,同花顺涨跌分布
2023-10-23,473,30,4788,5291,8.93970893970894,38,39,2023-10-23 15:30:31,同花顺涨跌分布
2023-10-24,4671,57,562,5290,88.29867674858222,68,7,2023-10-24 15:33:16,同花顺涨跌分布
2023-10-25,4016,118,1158,5292,75.88813303099018,72,3,2023-10-25 15:00:16,同花顺涨跌分布
2023-10-26,2865,220,2207,5292,54.13832199546486,48,5,2023-10-26 15:00:16,同花顺涨跌分布
2023-10-27,4049,114,1130,5293,76.49726053277914,85,4,2023-10-27 15:00:16,同花顺涨跌分布
2023-10-30,3674,159,1460,5293,69.41243151331949,73,11,2023-10-30 15:35:31,同花顺涨跌分布
2023-10-31,2020,211,3065,5296,38.14199395770393,47,16,2023-10-31 15:00:16,同花顺涨跌分布
2023-11-01,2779,232,2288,5299,52.443857331572,43,10,2023-11-01 15:00:16,同花顺涨跌分布
2023-11-02,911,160,4228,5299,17.191923004340442,39,4,2023-11-02 15:32:02,同花顺涨跌分布
2023-11-03,3888,213,1200,5301,73.3446519524618,48,2,2023-11-03 15:00:16,同花顺涨跌分布
2023-11-06,4655,93,547,5295,87.91312559017942,63,3,2023-11-06 15:24:46,同花顺涨跌分布
2023-11-07,2857,325,2116,5298,53.926009815024535,62,0,2023-11-07 15:00:16,同花顺涨跌分布
2023-11-08,2377,191,2733,5301,44.84059611394077,55,6,2023-11-08 15:00:16,同花顺涨跌分布
2023-11-09,1498,217,3585,5300,28.264150943396228,35,26,2023-11-09 15:00:16,同花顺涨跌分布
2023-11-10,2150,271,2880,5301,40.55838521033767,40,17,2023-11-10 15:00:16,同花顺涨跌分布
2023-11-13,3899,161,1243,5303,73.52442013954365,48,9,2023-11-13 15:00:16,同花顺涨跌分布
2023-11-14,2991,291,2021,5303,56.402036583066185,46,5,2023-11-14 15:00:17,同花顺涨跌分布
2023-11-15,3341,249,1712,5302,63.013956997359486,61,4,2023-11-15 15:00:16,同花顺涨跌分布
2023-11-16,952,171,4180,5303,17.952102583443335,37,8,2023-11-16 15:10:31,同花顺涨跌分布
2023-11-17,3713,242,1349,5304,70.00377073906485,52,10,2023-11-17 15:00:16,同花顺涨跌分布
2023-11-20,3922,195,1189,5306,73.9163211458726,64,7,2023-11-20 15:00:16,同花顺涨跌分布
2023-11-21,1736,208,3364,5308,32.705350414468725,62,5,2023-11-21 15:00:16,同花顺涨跌分布
2023-11-22,1169,139,3999,5307,22.02751083474656,75,11,2023-11-22 15:00:16,同花顺涨跌分布
2023-11-23,4171,124,1014,5309,78.56470145036731,51,16,2023-11-23 15:30:01,同花顺涨跌分布
2023-11-24,1145,130,4034,5309,21.567150122433603,57,13,2023-11-24 15:32:01,同花顺涨跌分布
2023-11-27,2545,193,2573,5311,47.919412540011294,70,25,2023-11-27 15:00:16,同花顺涨跌分布
2023-11-28,3716,190,1403,5309,69.99434921830854,50,13,2023-11-28 15:00:16,同花顺涨跌分布
2023-11-29,1225,142,3944,5311,23.065336094897383,35,13,2023-11-29 15:00:16,同花顺涨跌分布
2023-11-30,1557,188,3566,5311,29.316512897759367,30,9,2023-11-30 15:00:16,同花顺涨跌分布
2023-12-01,2993,194,2127,5314,56.32292058712834,53,3,2023-12-01 15:00:16,同花顺涨跌分布
2023-12-04,2326,232,2754,5312,43.78765060240964,57,8,2023-12-04 15:00:16,同花顺涨跌分布
2023-12-05,651,50,4613,5314,12.25065863756116,53,12,2023-12-05 15:00:16,同花顺涨跌分布
2023-12-06,3251,232,1832,5315,61.16650987770461,45,11,2023-12-06 15:00:16,同花顺涨跌分布
2023-12-07,1941,189,3183,5313,36.533032185206096,45,21,2023-12-07 15:24:46,同花顺涨跌分布
2023-12-08,1467,99,3750,5316,27.5959367945824,40,17,2023-12-08 15:00:16,同花顺涨跌分布
2023-12-11,3947,124,1246,5317,74.23359037050969,42,9,2023-12-11 15:00:16,同花顺涨跌分布
2023-12-12,3127,216,1975,5318,58.80030086498683,52,7,2023-12-12 15:00:16,同花顺涨跌分布
2023-12-13,1589,151,3580,5320,29.86842105263158,40,9,2023-12-13 15:00:16,同花顺涨跌分布
2023-12-14,2078,247,2997,5322,39.04547162720782,46,19,2023-12-14 15:00:16,同花顺涨跌分布
2023-12-15,1628,198,3496,5322,30.59000375798572,48,14,2023-12-15 15:00:16,同花顺涨跌分布
2023-12-18,864,62,4396,5322,16.234498308906424,39,39,2023-12-18 15:00:16,同花顺涨跌分布
2023-12-19,2726,212,2382,5320,51.2406015037594,35,20,2023-12-19 15:10:46,同花顺涨跌分布
2023-12-20,1210,134,3979,5323,22.73154236332895,37,17,2023-12-20 15:00:16,同花顺涨跌分布
2023-12-21,3544,212,1568,5324,66.56649135987979,39,15,2023-12-21 15:00:16,同花顺涨跌分布
2023-12-22,1125,112,4087,5324,21.130728775356875,24,61,2023-12-22 15:01:31,同花顺涨跌分布
2023-12-25,2045,153,3126,5324,38.41096919609316,41,35,2023-12-25 15:00:16,同花顺涨跌分布
2023-12-26,831,95,4400,5326,15.602703717611716,46,16,2023-12-26 15:00:16,同花顺涨跌分布
2023-12-27,3762,168,1397,5327,70.62136286840624,42,22,2023-12-27 15:00:16,同花顺涨跌分布
2023-12-28,4431,75,819,5325,83.2112676056338,68,11,2023-12-28 15:00:16,同花顺涨跌分布
2023-12-29,4321,166,841,5328,81.09984984984985,74,4,2023-12-29 15:00:16,同花顺涨跌分布
2024-01-02,2876,145,2307,5328,53.97897897897897,66,8,2024-01-02 15:00:16,同花顺涨跌分布
2024-01-03,1970,201,3158,5329,36.96753612310002,45,11,2024-01-03 15:00:16,同花顺涨跌分布
2024-01-04,1876,217,3236,5329,35.2036029273785,46,11,2024-01-04 15:00:16,同花顺涨跌分布
2024-01-05,506,66,4759,5331,9.49165259801163,30,17,2024-01-05 15:00:16,同花顺涨跌分布
2024-01-08,388,47,4896,5331,7.2781842055899455,35,22,2024-01-08 15:00:16,同花顺涨跌分布
2024-01-09,3449,203,1679,5331,64.69705496154567,48,10,2024-01-09 15:00:16,同花顺涨跌分布
2024-01-10,1312,203,3818,5333,24.60153759609976,42,16,2024-01-10 15:00:16,同花顺涨跌分布
2024-01-11,4469,106,760,5335,83.767572633552,59,6,2024-01-11 15:00:16,同花顺涨跌分布
2024-01-12,1401,178,3753,5332,26.275318829707427,28,9,2024-01-12 15:00:16,同花顺涨跌分布
2024-01-15,1991,227,3115,5333,37.33358334895931,43,8,2024-01-15 15:00:16,同花顺涨跌分布
2024-01-16,1632,183,3520,5335,30.590440487347703,39,9,2024-01-16 15:00:16,同花顺涨跌分布
2024-01-17,280,20,5035,5335,5.248359887535145,39,18,2024-01-17 15:00:16,同花顺涨跌分布
2024-01-18,1670,129,3539,5338,31.285125515174222,43,13,2024-01-18 15:00:16,同花顺涨跌分布
2024-01-19,1044,118,4176,5338,19.55788684900712,48,26,2024-01-19 15:00:16,同花顺涨跌分布
2024-01-22,147,7,5184,5338,2.753840389659048,22,105,2024-01-22 15:00:16,同花顺涨跌分布
2024-01-23,2977,162,2199,5338,55.76995129261896,51,30,2024-01-23 15:00:16,同花顺涨跌分布
2024-01-24,4016,86,1237,5339,75.22007866641694,82,4,2024-01-24 15:00:16,同花顺涨跌分布
2024-01-25,4885,28,427,5340,91.47940074906369,109,5,2024-01-25 15:24:16,同花顺涨跌分布
2024-01-26,2144,165,3032,5341,40.142295450290206,65,11,2024-01-26 15:00:16,同花顺涨跌分布
2024-01-29,486,34,4822,5342,9.09771621115687,34,83,2024-01-29 15:07:46,同花顺涨跌分布
2024-01-30,313,22,5007,5342,5.859228753275927,25,87,2024-01-30 15:08:02,同花顺涨跌分布
2024-01-31,489,39,4815,5343,9.152161706906233,30,184,2024-01-31 15:31:31,同花顺涨跌分布
2024-02-01,1104,76,4163,5343,20.662549129702416,31,99,2024-02-01 15:30:16,同花顺涨跌分布
2024-02-02,389,29,4926,5344,7.279191616766467,28,108,2024-02-02 15:00:16,同花顺涨跌分布
2024-02-05,427,18,4898,5343,7.991764926071496,20,1368,2024-02-05 15:32:02,同花顺涨跌分布
2024-02-06,3829,50,1465,5344,71.65044910179641,145,135,2024-02-06 15:30:31,同花顺涨跌分布
2024-02-07,2210,46,3089,5345,41.34705332086062,100,282,2024-02-07 15:16:31,同花顺涨跌分布
2024-02-08,4803,36,508,5347,89.82607069384702,517,7,2024-02-08 15:31:31,同花顺涨跌分布
2024-02-19,4258,52,1037,5347,79.63343931176361,272,3,2024-02-19 15:30:31,同花顺涨跌分布
2024-02-20,3578,200,1569,5347,66.91602767907237,155,0,2024-02-20 15:22:02,同花顺涨跌分布
2024-02-21,4106,132,1109,5347,76.7907237703385,155,0,2024-02-21 15:00:16,同花顺涨跌分布
2024-02-22,4583,151,613,5347,85.7116139891528,96,1,2024-02-22 15:00:16,同花顺涨跌分布
2024-02-23,4399,122,825,5346,82.28582117471007,141,1,2024-02-23 15:00:16,同花顺涨跌分布
2024-02-26,3687,145,1513,5345,68.98035547240411,124,1,2024-02-26 15:00:17,同花顺涨跌分布
2024-02-27,5031,38,277,5346,94.10774410774413,115,2,2024-02-27 15:00:16,同花顺涨跌分布
2024-02-28,270,19,5057,5346,5.05050505050505,34,326,2024-02-28 15:13:46,同花顺涨跌分布
2024-02-29,5225,18,103,5346,97.7366255144033,115,6,2024-02-29 15:00:16,同花顺涨跌分布
2024-03-01,3522,181,1644,5347,65.86871142696839,80,9,2024-03-01 15:04:16,同花顺涨跌分布
2024-03-04,2083,94,3170,5347,38.9564241630821,87,15,2024-03-04 15:00:16,同花顺涨跌分布
2024-03-05,933,68,4346,5347,17.449036843089583,59,20,2024-03-05 15:00:16,同花顺涨跌分布
2024-03-06,3439,166,1740,5345,64.34050514499532,105,3,2024-03-06 15:00:16,同花顺涨跌分布
2024-03-07,1517,166,3662,5345,28.381665107577174,69,8,2024-03-07 15:31:16,同花顺涨跌分布
2024-03-08,3628,221,1497,5346,67.86382341937897,75,4,2024-03-08 15:00:16,同花顺涨跌分布
2024-03-11,4483,81,781,5345,83.87277829747427,99,0,2024-03-11 15:30:31,同花顺涨跌分布
2024-03-12,3700,122,1525,5347,69.19768094258463,79,2,2024-03-12 15:00:16,同花顺涨跌分布
2024-03-13,2236,182,2931,5349,41.80220601981679,61,4,2024-03-13 15:00:16,同花顺涨跌分布
2024-03-14,1558,205,3586,5349,29.126939614881287,51,2,2024-03-14 15:00:16,同花顺涨跌分布
2024-03-15,4392,96,860,5348,82.12415856394914,87,1,2024-03-15 15:00:16,同花顺涨跌分布
2024-03-18,4588,105,654,5347,85.80512436880494,93,3,2024-03-18 15:32:02,同花顺涨跌分布
2024-03-19,1742,162,3445,5349,32.5668349224154,69,8,2024-03-19 15:00:16,同花顺涨跌分布
2024-03-20,3876,207,1267,5350,72.44859813084112,87,6,2024-03-20 15:00:16,同花顺涨跌分布
2024-03-21,2208,230,2912,5350,41.271028037383175,79,9,2024-03-21 15:00:16,同花顺涨跌分布
2024-03-22,924,37,4389,5350,17.271028037383175,66,13,2024-03-22 15:00:16,同花顺涨跌分布
2024-03-25,733,68,4550,5351,13.698374135675577,46,37,2024-03-25 15:00:16,同花顺涨跌分布
2024-03-26,2528,194,2630,5352,47.23467862481316,63,21,2024-03-26 15:30:31,同花顺涨跌分布
2024-03-27,589,46,4719,5354,11.001120657452372,45,67,2024-03-27 15:00:16,同花顺涨跌分布
2024-03-28,4574,119,662,5355,85.41549953314659,80,10,2024-03-28 15:30:31,同花顺涨跌分布
2024-03-29,3875,124,1356,5355,72.36227824463118,76,12,2024-03-29 15:00:16,同花顺涨跌分布
2024-04-01,4650,78,629,5357,86.80231472839276,90,17,2024-04-01 15:00:16,同花顺涨跌分布
2024-04-02,2279,179,2900,5358,42.53452780888391,65,11,2024-04-02 15:00:16,同花顺涨跌分布
2024-04-03,1765,138,3454,5357,32.947545267873814,55,20,2024-04-03 15:30:46,同花顺涨跌分布
2024-04-08,797,45,4518,5360,14.869402985074624,59,51,2024-04-08 15:16:16,同花顺涨跌分布
2024-04-09,4165,104,1092,5361,77.69072934154076,64,18,2024-04-09 15:00:16,同花顺涨跌分布
2024-04-10,938,49,4374,5361,17.496735683641113,32,32,2024-04-10 15:00:16,同花顺涨跌分布
2024-04-11,2674,207,2481,5362,49.869451697127936,52,21,2024-04-11 15:08:16,同花顺涨跌分布
2024-04-12,1518,102,3742,5362,28.310331965684448,68,20,2024-04-12 15:00:16,同花顺涨跌分布
2024-04-15,1228,37,4097,5362,22.901902275270423,26,317,2024-04-15 15:00:16,同花顺涨跌分布
2024-04-16,279,17,5066,5362,5.203282357329355,19,746,2024-04-16 15:32:02,同花顺涨跌分布
2024-04-17,5143,15,203,5361,95.93359447864204,238,28,2024-04-17 15:08:02,同花顺涨跌分布
2024-04-18,2116,124,3120,5360,39.47761194029851,69,38,2024-04-18 15:00:16,同花顺涨跌分布
2024-04-19,1684,133,3541,5358,31.42963792459873,61,49,2024-04-19 15:26:31,同花顺涨跌分布
2024-04-22,1923,115,3319,5357,35.89695725219339,62,62,2024-04-22 15:31:31,同花顺涨跌分布
2024-04-23,3236,126,1994,5356,60.41822255414488,62,44,2024-04-23 15:07:02,同花顺涨跌分布
2024-04-24,4194,137,1026,5357,78.29008773567296,72,26,2024-04-24 15:32:16,同花顺涨跌分布
2024-04-25,2938,179,2237,5354,54.874859917818455,61,21,2024-04-25 15:00:16,同花顺涨跌分布
2024-04-26,3931,121,1293,5345,73.54536950420955,82,21,2024-04-26 15:06:46,同花顺涨跌分布
2024-04-29,4513,50,773,5336,84.57646176911544,135,24,2024-04-29 15:31:31,同花顺涨跌分布
2024-04-30,1927,125,3248,5300,36.35849056603774,76,40,2024-04-30 15:00:16,同花顺涨跌分布
2024-05-06,4515,85,741,5341,84.53473132372214,104,67,2024-05-06 15:00:16,同花顺涨跌分布
2024-05-07,3003,232,2106,5341,56.2254259501966,65,57,2024-05-07 15:00:16,同花顺涨跌分布
2024-05-08,978,72,4289,5339,18.31803708559656,60,49,2024-05-08 15:27:46,同花顺涨跌分布
2024-05-09,4287,119,934,5340,80.28089887640449,62,51,2024-05-09 15:09:46,同花顺涨跌分布
2024-05-10,1366,98,3876,5340,25.580524344569287,43,73,2024-05-10 15:09:02,同花顺涨跌分布
2024-05-13,1124,85,4130,5339,21.052631578947366,39,77,2024-05-13 15:00:16,同花顺涨跌分布
2024-05-14,3468,193,1681,5342,64.91950580307001,81,40,2024-05-14 15:00:16,同花顺涨跌分布
2024-05-15,1325,137,3881,5343,24.798802171064946,65,32,2024-05-15 15:00:16,同花顺涨跌分布
2024-05-16,2823,177,2342,5342,52.845376263571694,63,19,2024-05-16 15:00:16,同花顺涨跌分布
2024-05-17,4086,131,1125,5342,76.48820666417072,94,17,2024-05-17 15:00:16,同花顺涨跌分布
2024-05-20,2755,172,2411,5338,51.61109029599101,54,45,2024-05-20 15:32:16,同花顺涨跌分布
2024-05-21,1148,100,4093,5341,21.494102228047183,33,47,2024-05-21 15:00:16,同花顺涨跌分布
2024-05-22,3108,214,2020,5342,58.18045675776863,53,34,2024-05-22 15:00:16,同花顺涨跌分布
2024-05-23,735,29,4578,5342,13.758891800823662,37,28,2024-05-23 15:20:01,同花顺涨跌分布
2024-05-24,1313,178,3851,5342,24.578809434668663,57,28,2024-05-24 15:00:16,同花顺涨跌分布
2024-05-27,3397,183,1760,5340,63.61423220973783,45,47,2024-05-27 15:00:16,同花顺涨跌分布
2024-05-28,1149,87,4104,5340,21.516853932584272,34,49,2024-05-28 15:00:16,同花顺涨跌分布
2024-05-29,2753,275,2312,5340,51.55430711610487,33,58,2024-05-29 15:00:16,同花顺涨跌分布
2024-05-30,1674,151,3516,5341,31.34244523497473,39,60,2024-05-30 15:32:16,同花顺涨跌分布
2024-05-31,3266,248,1826,5340,61.161048689138575,44,38,2024-05-31 15:00:16,同花顺涨跌分布
2024-06-03,907,32,4401,5340,16.98501872659176,23,107,2024-06-03 15:32:16,同花顺涨跌分布
2024-06-04,2076,135,3128,5339,38.88368608353625,41,71,2024-06-04 15:00:17,同花顺涨跌分布
2024-06-05,673,65,4606,5344,12.593562874251496,26,40,2024-06-05 15:32:16,同花顺涨跌分布
2024-06-06,509,29,4808,5346,9.521137298915075,24,149,2024-06-06 15:31:32,同花顺涨跌分布
2024-06-07,4119,64,1160,5343,77.09152161706906,77,38,2024-06-07 15:00:17,同花顺涨跌分布
2024-06-11,3043,163,2137,5343,56.9530226464533,46,33,2024-06-11 15:00:16,同花顺涨跌分布
2024-06-12,3971,189,1187,5347,74.2659435197307,91,22,2024-06-12 15:00:16,同花顺涨跌分布
2024-06-13,1740,126,3482,5348,32.53552729992521,64,21,2024-06-13 15:30:16,同花顺涨跌分布
2024-06-14,2683,266,2400,5349,50.15890820714152,51,17,2024-06-14 15:31:31,同花顺涨跌分布
2024-06-17,1601,149,3598,5348,29.936424831712788,45,21,2024-06-17 15:32:02,同花顺涨跌分布
2024-06-18,3990,152,1204,5346,74.63524130190797,65,10,2024-06-18 15:06:46,同花顺涨跌分布
2024-06-19,1605,158,3582,5345,30.028063610851262,61,14,2024-06-19 15:00:17,同花顺涨跌分布
2024-06-20,830,47,4467,5344,15.531437125748504,39,49,2024-06-20 15:00:16,同花顺涨跌分布
2024-06-21,2383,274,2687,5344,44.59206586826348,49,36,2024-06-21 15:00:16,同花顺涨跌分布
2024-06-24,327,23,4992,5342,6.121302882815425,30,78,2024-06-24 15:00:17,同花顺涨跌分布
2024-06-25,2841,174,2322,5337,53.23215289488476,69,59,2024-06-25 15:32:02,同花顺涨跌分布
2024-06-26,4801,63,480,5344,89.83907185628742,65,22,2024-06-26 15:00:16,同花顺涨跌分布
2024-06-27,534,72,4732,5338,10.003746721618583,43,20,2024-06-27 15:30:16,同花顺涨跌分布
2024-06-28,3035,234,2068,5337,56.86715383174068,47,24,2024-06-28 15:00:16,同花顺涨跌分布
2024-07-01,3581,135,1619,5335,67.12277413308341,60,18,2024-07-01 15:00:16,同花顺涨跌分布
2024-07-02,2423,180,2732,5335,45.41705716963449,67,5,2024-07-02 15:00:16,同花顺涨跌分布
2024-07-03,1349,223,3762,5334,25.29058867641545,61,6,2024-07-03 15:00:16,同花顺涨跌分布
2024-07-04,426,24,4885,5335,7.985004686035614,24,24,2024-07-04 15:00:16,同花顺涨跌分布
2024-07-05,3926,177,1231,5334,73.60329958755155,54,3,2024-07-05 15:00:16,同花顺涨跌分布
2024-07-08,454,29,4850,5333,8.513032064504031,24,38,2024-07-08 15:00:16,同花顺涨跌分布
2024-07-09,4273,147,919,5339,80.03371417868514,57,22,2024-07-09 15:00:16,同花顺涨跌分布
2024-07-10,1544,141,3656,5341,28.90844411158959,50,40,2024-07-10 15:00:16,同花顺涨跌分布
2024-07-11,4988,38,315,5341,93.39075079573114,104,8,2024-07-11 15:00:16,同花顺涨跌分布
2024-07-12,1993,247,3101,5341,37.31510953005055,51,11,2024-07-12 15:00:16,同花顺涨跌分布
2024-07-15,890,85,4367,5342,16.660426806439535,47,13,2024-07-15 15:00:16,同花顺涨跌分布
2024-07-16,2464,279,2599,5342,46.1250467989517,59,10,2024-07-16 15:00:16,同花顺涨跌分布
2024-07-17,1625,180,3534,5339,30.43641131297996,55,13,2024-07-17 15:00:16,同花顺涨跌分布
2024-07-18,2155,266,2915,5336,40.38605697151424,52,13,2024-07-18 15:00:16,同花顺涨跌分布
2024-07-19,3102,251,1982,5335,58.14432989690722,62,10,2024-07-19 15:00:16,同花顺涨跌分布
2024-07-22,2904,241,2189,5334,54.443194600674914,68,10,2024-07-22 15:00:16,同花顺涨跌分布
2024-07-23,568,94,4672,5334,10.648668916385452,50,16,2024-07-23 15:32:46,同花顺涨跌分布
2024-07-24,799,90,4445,5334,14.979377577802774,51,27,2024-07-24 15:00:16,同花顺涨跌分布
2024-07-25,3421,234,1677,5332,64.15978994748687,60,8,2024-07-25 15:00:16,同花顺涨跌分布
2024-07-26,4484,103,747,5334,84.06449193850769,67,13,2024-07-26 15:00:16,同花顺涨跌分布
2024-07-29,2341,250,2741,5332,43.904726181545385,76,4,2024-07-29 15:00:16,同花顺涨跌分布
2024-07-30,3388,195,1750,5333,63.52897056066004,82,4,2024-07-30 15:00:16,同花顺涨跌分布
2024-07-31,5050,28,255,5333,94.69341833864615,90,4,2024-07-31 15:00:16,同花顺涨跌分布
2024-08-01,2170,302,2861,5333,40.69004312769548,73,6,2024-08-01 15:00:16,同花顺涨跌分布
2024-08-02,995,147,4193,5335,18.650421743205246,57,10,2024-08-02 15:00:16,同花顺涨跌分布
2024-08-05,507,73,4753,5333,9.50684417776111,51,36,2024-08-05 15:13:31,同花顺涨跌分布
2024-08-06,4767,79,488,5334,89.37007874015748,73,26,2024-08-06 15:00:16,同花顺涨跌分布
2024-08-07,2160,239,2936,5335,40.48734770384255,71,17,2024-08-07 15:31:16,同花顺涨跌分布
2024-08-08,2355,210,2771,5336,44.134182908545725,70,19,2024-08-08 15:00:16,同花顺涨跌分布
2024-08-09,1281,244,3811,5336,24.006746626686656,40,22,2024-08-09 15:31:46,同花顺涨跌分布
2024-08-12,1512,177,3648,5337,28.33052276559865,38,45,2024-08-12 15:06:31,同花顺涨跌分布
2024-08-13,3729,231,1377,5337,69.8707138842046,47,11,2024-08-13 15:00:16,同花顺涨跌分布
2024-08-14,1370,224,3744,5338,25.66504308729861,43,4,2024-08-14 15:00:16,同花顺涨跌分布
2024-08-15,3867,195,1276,5338,72.44286249531659,54,9,2024-08-15 15:00:16,同花顺涨跌分布
2024-08-16,1670,138,3530,5338,31.285125515174222,43,11,2024-08-16 15:00:17,同花顺涨跌分布
2024-08-19,1912,251,3174,5337,35.82537005808506,53,17,2024-08-19 15:31:31,同花顺涨跌分布
2024-08-20,669,78,4591,5338,12.532783814162606,37,13,2024-08-20 15:00:16,同花顺涨跌分布
2024-08-21,1849,254,3236,5339,34.63195354935381,52,6,2024-08-21 15:00:16,同花顺涨跌分布
2024-08-22,777,94,4468,5339,14.553287132421802,41,12,2024-08-22 15:00:16,同花顺涨跌分布
2024-08-23,1886,221,3230,5337,35.33820498407345,50,14,2024-08-23 15:00:16,同花顺涨跌分布
2024-08-26,3843,150,1346,5339,71.97977149278891,59,10,2024-08-26 15:00:16,同花顺涨跌分布
2024-08-27,1053,111,4174,5338,19.72648932184339,58,8,2024-08-27 15:00:16,同花顺涨跌分布
2024-08-28,3417,236,1685,5338,64.01273885350318,53,7,2024-08-28 15:00:16,同花顺涨跌分布
2024-08-29,4177,195,966,5338,78.25028100412139,65,1,2024-08-29 15:00:16,同花顺涨跌分布
2024-08-30,4679,94,565,5338,87.65455226676659,80,0,2024-08-30 15:00:16,同花顺涨跌分布
2024-09-02,823,98,4415,5336,15.423538230884557,54,9,2024-09-02 15:00:16,同花顺涨跌分布
2024-09-03,3923,247,1167,5337,73.50571482106052,74,7,2024-09-03 15:00:16,同花顺涨跌分布
2024-09-04,1291,173,3873,5337,24.189619636499906,44,34,2024-09-04 15:00:16,同花顺涨跌分布
2024-09-05,3947,215,1175,5337,73.9554056586097,66,8,2024-09-05 15:09:16,同花顺涨跌分布
2024-09-06,539,86,4712,5337,10.099306726625446,43,4,2024-09-06 15:00:16,同花顺涨跌分布
2024-09-09,1945,297,3093,5335,36.45735707591378,57,18,2024-09-09 15:00:16,同花顺涨跌分布
2024-09-10,3324,243,1768,5335,62.30552952202437,49,31,2024-09-10 15:12:01,同花顺涨跌分布
2024-09-11,1605,186,3548,5339,30.06180932758944,35,30,2024-09-11 15:00:16,同花顺涨跌分布
2024-09-12,1893,306,3140,5339,35.456077917212966,48,6,2024-09-12 15:00:16,同花顺涨跌分布
2024-09-13,1094,161,4085,5340,20.48689138576779,47,15,2024-09-13 15:00:17,同花顺涨跌分布
2024-09-18,1520,167,3649,5336,28.48575712143928,32,28,2024-09-18 15:24:46,同花顺涨跌分布
2024-09-19,4799,53,489,5341,89.85208762404045,76,7,2024-09-19 15:05:31,同花顺涨跌分布
2024-09-20,1639,223,3479,5341,30.68713724021719,57,5,2024-09-20 15:31:46,同花顺涨跌分布
2024-09-23,2565,263,2514,5342,48.01572444777237,59,18,2024-09-23 15:00:16,同花顺涨跌分布
2024-09-24,5167,15,161,5343,96.70597042859816,98,7,2024-09-24 15:00:16,同花顺涨跌分布
2024-09-25,4164,171,1011,5346,77.89001122334456,66,5,2024-09-25 15:00:16,同花顺涨跌分布
2024-09-26,5143,27,177,5347,96.18477651019262,151,3,2024-09-26 15:23:31,同花顺涨跌分布
2024-09-27,5226,25,96,5347,97.73704881241818,138,3,2024-09-27 15:32:31,同花顺涨跌分布
2024-09-30,5336,0,8,5344,99.8502994011976,713,2,2024-09-30 15:33:01,同花顺涨跌分布
2024-10-08,5029,20,291,5340,94.17602996254682,791,3,2024-10-08 15:33:01,同花顺涨跌分布
2024-10-09,295,2,5043,5340,5.52434456928839,51,854,2024-10-09 15:33:02,同花顺涨跌分布
2024-10-10,2998,115,2229,5342,56.12130288281543,82,48,2024-10-10 15:32:31,同花顺涨跌分布
2024-10-11,442,39,4862,5343,8.27250608272506,51,33,2024-10-11 15:00:16,同花顺涨跌分布
2024-10-14,5023,39,282,5344,93.99326347305389,121,6,2024-10-14 15:00:16,同花顺涨跌分布
2024-10-15,801,62,4482,5345,14.985968194574369,72,2,2024-10-15 15:20:46,同花顺涨跌分布
2024-10-16,2726,165,2457,5348,50.97232610321616,106,5,2024-10-16 15:00:16,同花顺涨跌分布
2024-10-17,1800,103,3448,5351,33.63857222948982,68,7,2024-10-17 15:00:16,同花顺涨跌分布
2024-10-18,5094,56,200,5350,95.21495327102804,138,0,2024-10-18 15:19:31,同花顺涨跌分布
2024-10-21,3773,136,1441,5350,70.5233644859813,190,0,2024-10-21 15:00:16,同花顺涨跌分布
2024-10-22,3595,73,1681,5349,67.20882407926715,132,0,2024-10-22 15:00:18,同花顺涨跌分布
2024-10-23,2752,171,2423,5346,51.477740366629256,127,2,2024-10-23 15:30:16,同花顺涨跌分布
2024-10-24,2141,157,3050,5348,40.0336574420344,133,3,2024-10-24 15:00:16,同花顺涨跌分布
2024-10-25,4303,63,982,5348,80.45998504113687,191,1,2024-10-25 15:00:16,同花顺涨跌分布
2024-10-28,4223,49,1073,5345,79.00841908325538,294,1,2024-10-28 15:09:46,同花顺涨跌分布
2024-10-29,1062,38,4247,5347,19.86160463811483,152,19,2024-10-29 15:23:46,同花顺涨跌分布
2024-10-30,2320,109,2916,5345,43.40505144995323,194,8,2024-10-30 15:12:31,同花顺涨跌分布
2024-10-31,3512,115,1721,5348,65.66940912490651,212,14,2024-10-31 15:22:16,同花顺涨跌分布
2024-11-01,975,47,4326,5348,18.23111443530292,124,165,2024-11-01 15:32:46,同花顺涨跌分布
2024-11-04,4495,83,771,5349,84.03439895307534,186,43,2024-11-04 15:00:16,同花顺涨跌分布
2024-11-05,5069,44,239,5352,94.71225710014949,218,2,2024-11-05 15:00:16,同花顺涨跌分布
2024-11-06,2828,146,2379,5353,52.83018867924528,181,7,2024-11-06 15:13:46,同花顺涨跌分布
2024-11-07,4528,34,791,5353,84.5880814496544,233,10,2024-11-07 15:00:17,同花顺涨跌分布
2024-11-08,2221,88,3046,5355,41.47525676937442,155,6,2024-11-08 15:33:01,同花顺涨跌分布
2024-11-11,3939,82,1330,5351,73.61240889553355,213,19,2024-11-11 15:27:01,同花顺涨跌分布
2024-11-12,1486,93,3773,5352,27.765321375186847,113,20,2024-11-12 15:00:16,同花顺涨跌分布
2024-11-13,2586,156,2610,5352,48.318385650224215,89,25,2024-11-13 15:00:16,同花顺涨跌分布
2024-11-14,487,17,4849,5353,9.097702223052494,58,26,2024-11-14 15:00:16,同花顺涨跌分布
2024-11-15,929,59,4366,5354,17.351512887560702,81,54,2024-11-15 15:15:46,同花顺涨跌分布
2024-11-18,1165,66,4120,5351,21.77163147075313,90,101,2024-11-18 15:33:31,同花顺涨跌分布
2024-11-19,4516,61,777,5354,84.34815091520359,103,35,2024-11-19 15:27:01,同花顺涨跌分布
2024-11-20,4572,73,713,5358,85.33034714445688,178,6,2024-11-20 15:00:16,同花顺涨跌分布
2024-11-21,2563,150,2645,5358,47.83501306457634,125,12,2024-11-21 15:00:17,同花顺涨跌分布
2024-11-22,429,14,4917,5360,8.003731343283583,78,17,2024-11-22 15:26:16,同花顺涨跌分布
2024-11-25,3734,88,1537,5359,69.67717857809292,170,26,2024-11-25 15:00:16,同花顺涨跌分布
2024-11-26,1536,117,3707,5360,28.65671641791045,106,65,2024-11-26 15:00:16,同花顺涨跌分布
2024-11-27,4329,116,914,5359,80.77999626796044,108,22,2024-11-27 15:22:46,同花顺涨跌分布
2024-11-28,2530,128,2699,5357,47.22792607802874,113,7,2024-11-28 15:10:46,同花顺涨跌分布
2024-11-29,4290,142,931,5363,79.99254148797314,144,11,2024-11-29 15:00:16,同花顺涨跌分布
2024-12-02,4644,58,659,5361,86.62562954672636,185,6,2024-12-02 15:07:02,同花顺涨跌分布
2024-12-03,2448,193,2720,5361,45.66312255176273,134,6,2024-12-03 15:00:16,同花顺涨跌分布
2024-12-04,981,41,4339,5361,18.2988248461108,97,19,2024-12-04 15:00:16,同花顺涨跌分布
2024-12-05,3823,135,1407,5365,71.25815470643056,142,11,2024-12-05 15:00:16,同花顺涨跌分布
2024-12-06,3635,80,1648,5363,67.77922804400522,134,6,2024-12-06 15:00:16,同花顺涨跌分布
2024-12-09,2040,105,3216,5361,38.05260212646894,118,27,2024-12-09 15:06:01,同花顺涨跌分布
2024-12-10,2890,194,2280,5364,53.877703206562266,119,6,2024-12-10 15:17:46,同花顺涨跌分布
2024-12-11,3853,91,1421,5365,71.81733457595526,156,11,2024-12-11 15:00:16,同花顺涨跌分布
2024-12-12,3536,113,1717,5366,65.89638464405516,155,7,2024-12-12 15:34:31,同花顺涨跌分布
2024-12-13,920,35,4410,5365,17.148182665424045,100,17,2024-12-13 15:00:16,同花顺涨跌分布
2024-12-16,1768,123,3478,5369,32.92978208232446,115,30,2024-12-16 15:25:31,同花顺涨跌分布
2024-12-17,553,19,4794,5366,10.3056280283265,31,162,2024-12-17 15:00:16,同花顺涨跌分布
2024-12-18,2801,209,2358,5368,52.1795827123696,108,15,2024-12-18 15:36:01,同花顺涨跌分布
2024-12-19,2422,145,2800,5367,45.1276318241103,81,25,2024-12-19 15:00:16,同花顺涨跌分布
2024-12-20,3555,153,1664,5372,66.17647058823529,98,16,2024-12-20 15:00:16,同花顺涨跌分布
2024-12-23,555,20,4795,5370,10.335195530726256,33,207,2024-12-23 15:30:16,同花顺涨跌分布
2024-12-24,3913,112,1345,5370,72.86778398510242,83,37,2024-12-24 15:00:16,同花顺涨跌分布
2024-12-25,910,57,4400,5367,16.955468604434508,46,62,2024-12-25 15:06:02,同花顺涨跌分布
2024-12-26,3648,202,1521,5371,67.92031279091417,107,9,2024-12-26 15:00:16,同花顺涨跌分布
2024-12-27,3546,92,1731,5369,66.04581858819148,79,13,2024-12-27 15:00:16,同花顺涨跌分布
2024-12-30,1322,88,3956,5366,24.63660081997764,54,20,2024-12-30 15:27:01,同花顺涨跌分布
2024-12-31,705,45,4619,5369,13.13093685975042,57,30,2024-12-31 15:00:16,同花顺涨跌分布
2025-01-02,925,60,4383,5368,17.231743666169898,67,32,2025-01-02 15:00:16,同花顺涨跌分布
2025-01-03,615,30,4726,5371,11.450381679389311,55,111,2025-01-03 15:00:16,同花顺涨跌分布
2025-01-06,2292,145,2932,5369,42.68951387595455,68,91,2025-01-06 15:32:46,同花顺涨跌分布
2025-01-07,4393,77,902,5372,81.7758749069248,104,18,2025-01-07 15:31:46,同花顺涨跌分布
2025-01-08,1978,144,3250,5372,36.82055100521221,74,9,2025-01-08 15:00:16,同花顺涨跌分布
2025-01-09,2728,186,2459,5373,50.77238042062162,97,11,2025-01-09 15:00:16,同花顺涨跌分布
2025-01-10,534,38,4802,5374,9.936732415333086,44,52,2025-01-10 15:00:16,同花顺涨跌分布
2025-01-13,3007,186,2180,5373,55.96501023636702,52,41,2025-01-13 15:00:16,同花顺涨跌分布
2025-01-14,5333,5,38,5376,99.2001488095238,157,3,2025-01-14 15:31:46,同花顺涨跌分布
2025-01-15,1666,158,3554,5378,30.978058757902566,81,10,2025-01-15 15:00:16,同花顺涨跌分布
2025-01-16,3368,194,1816,5378,62.62551134250651,84,7,2025-01-16 15:31:46,同花顺涨跌分布
2025-01-17,2619,223,2535,5377,48.7074576901618,65,16,2025-01-17 15:00:16,同花顺涨跌分布
2025-01-20,3617,172,1587,5376,67.28050595238095,80,26,2025-01-20 15:32:16,同花顺涨跌分布
2025-01-21,1985,136,3257,5378,36.90963183339531,52,27,2025-01-21 15:37:01,同花顺涨跌分布
2025-01-22,1032,89,4261,5382,19.175027870680044,48,26,2025-01-22 15:00:16,同花顺涨跌分布
2025-01-23,2334,254,2795,5383,43.35872190228497,46,29,2025-01-23 15:00:17,同花顺涨跌分布
2025-01-24,3956,199,1225,5380,73.53159851301115,74,29,2025-01-24 15:00:16,同花顺涨跌分布
2025-01-27,1816,143,3422,5381,33.748373908195504,45,48,2025-01-27 15:32:46,同花顺涨跌分布
2025-02-05,3433,100,1850,5383,63.774846739736205,83,45,2025-02-05 15:06:16,同花顺涨跌分布
2025-02-06,4801,112,471,5384,89.17161961367015,101,4,2025-02-06 15:00:16,同花顺涨跌分布
2025-02-07,4169,128,1088,5385,77.41875580315691,93,2,2025-02-07 15:00:16,同花顺涨跌分布
2025-02-10,4146,130,1110,5386,76.97734868176754,140,2,2025-02-10 15:00:17,同花顺涨跌分布
2025-02-11,1834,133,3418,5385,34.05756731662024,84,2,2025-02-11 15:00:17,同花顺涨跌分布
2025-02-12,3560,257,1568,5385,66.10956360259982,95,2,2025-02-12 15:00:16,同花顺涨跌分布
2025-02-13,1151,123,4112,5386,21.37021908652061,74,7,2025-02-13 15:29:02,同花顺涨跌分布
2025-02-14,2400,186,2799,5385,44.56824512534819,87,9,2025-02-14 15:00:16,同花顺涨跌分布
2025-02-17,3675,110,1604,5389,68.19447021710893,114,7,2025-02-17 15:00:16,同花顺涨跌分布
2025-02-18,731,31,4626,5388,13.567186340014848,53,21,2025-02-18 15:00:17,同花顺涨跌分布
2025-02-19,4645,152,591,5388,86.21009651076467,120,4,2025-02-19 15:00:16,同花顺涨跌分布
2025-02-20,3377,168,1842,5387,62.68795247818824,107,1,2025-02-20 15:30:31,同花顺涨跌分布
2025-02-21,2872,165,2352,5389,53.2937465206903,119,4,2025-02-21 15:00:16,同花顺涨跌分布
2025-02-24,2778,140,2468,5386,51.57816561455626,91,18,2025-02-24 15:00:17,同花顺涨跌分布
2025-02-25,1537,112,3735,5384,28.547548291233284,65,7,2025-02-25 15:32:02,同花顺涨跌分布
2025-02-26,4250,81,1054,5385,78.92293407613742,108,3,2025-02-26 15:00:17,同花顺涨跌分布
2025-02-27,2133,155,3095,5383,39.62474456622701,90,12,2025-02-27 15:00:16,同花顺涨跌分布
2025-02-28,570,40,4773,5383,10.588890953000185,56,47,2025-02-28 15:00:16,同花顺涨跌分布
2025-03-03,3223,192,1966,5381,59.89593012451218,70,34,2025-03-03 15:32:16,同花顺涨跌分布
2025-03-04,4050,161,1172,5383,75.23685677131711,88,13,2025-03-04 15:00:17,同花顺涨跌分布
2025-03-05,2358,140,2884,5382,43.812709030100336,70,6,2025-03-05 15:00:17,同花顺涨跌分布
2025-03-06,4275,131,974,5380,79.46096654275094,118,5,2025-03-06 15:00:16,同花顺涨跌分布
2025-03-07,1714,111,3556,5381,31.852815461810074,62,12,2025-03-07 15:00:16,同花顺涨跌分布
2025-03-10,3279,149,1953,5381,60.93662887939045,93,8,2025-03-10 15:00:16,同花顺涨跌分布
2025-03-11,2881,221,2282,5384,53.51040118870728,66,5,2025-03-11 15:00:16,同花顺涨跌分布
2025-03-12,2627,196,2560,5383,48.8017833921605,94,2,2025-03-12 15:00:16,同花顺涨跌分布
2025-03-13,1494,114,3777,5385,27.74373259052925,57,14,2025-03-13 15:00:16,同花顺涨跌分布
2025-03-14,4495,100,790,5385,83.47260909935005,96,6,2025-03-14 15:00:16,同花顺涨跌分布
2025-03-17,3146,172,2062,5380,58.47583643122677,84,11,2025-03-17 15:00:16,同花顺涨跌分布
2025-03-18,2985,203,2199,5387,55.41117505104882,78,11,2025-03-18 15:00:16,同花顺涨跌分布
2025-03-19,1493,136,3755,5384,27.73031203566122,56,8,2025-03-19 15:00:16,同花顺涨跌分布
2025-03-20,1980,184,3222,5386,36.76197549201634,73,7,2025-03-20 15:00:16,同花顺涨跌分布
2025-03-21,996,102,4289,5387,18.48895489140524,56,31,2025-03-21 15:06:02,同花顺涨跌分布
2025-03-24,1460,73,3854,5387,27.102283274549844,54,47,2025-03-24 15:00:16,同花顺涨跌分布
2025-03-25,2502,147,2741,5390,46.41929499072357,57,46,2025-03-25 15:00:17,同花顺涨跌分布
2025-03-26,3548,174,1669,5391,65.8133926915229,90,12,2025-03-26 15:32:46,同花顺涨跌分布
2025-03-27,1903,125,3364,5392,35.29302670623146,55,29,2025-03-27 15:00:16,同花顺涨跌分布
2025-03-28,942,97,4352,5391,17.473567056204786,35,33,2025-03-28 15:17:46,同花顺涨跌分布
2025-03-31,1295,71,4027,5393,24.01260893751159,41,43,2025-03-31 15:00:17,同花顺涨跌分布
2025-04-01,3854,132,1406,5392,71.47626112759644,65,19,2025-04-01 15:00:16,同花顺涨跌分布
2025-04-02,2758,206,2430,5394,51.13088616981831,48,19,2025-04-02 15:00:16,同花顺涨跌分布
2025-04-03,2075,161,3157,5393,38.47580196551085,59,30,2025-04-03 15:32:31,同花顺涨跌分布
2025-04-07,106,1,5284,5391,1.966240029679095,25,2902,2025-04-07 15:50:32,同花顺涨跌分布
2025-04-08,3299,46,2047,5392,61.183234421364986,127,168,2025-04-08 15:00:16,同花顺涨跌分布
2025-04-09,4529,86,780,5395,83.9481000926784,128,13,2025-04-09 15:00:16,同花顺涨跌分布
2025-04-10,4950,59,386,5395,91.7516218721038,174,2,2025-04-10 15:00:16,同花顺涨跌分布
2025-04-11,3292,189,1913,5394,61.03077493511309,104,11,2025-04-11 15:00:16,同花顺涨跌分布
2025-04-14,4552,84,757,5393,84.40571110699054,129,4,2025-04-14 15:00:17,同花顺涨跌分布
2025-04-15,2419,158,2814,5391,44.871081432016325,81,11,2025-04-15 15:00:16,同花顺涨跌分布
2025-04-16,1010,71,4314,5395,18.721037998146432,54,14,2025-04-16 15:00:16,同花顺涨跌分布
2025-04-17,3127,229,2039,5395,57.96107506950881,99,12,2025-04-17 15:34:46,同花顺涨跌分布
2025-04-18,2392,261,2741,5394,44.34556915090842,67,20,2025-04-18 15:00:16,同花顺涨跌分布
2025-04-21,4363,156,875,5394,80.88616981831665,114,23,2025-04-21 15:00:17,同花顺涨跌分布
2025-04-22,2532,190,2670,5392,46.95845697329376,93,24,2025-04-22 15:26:02,同花顺涨跌分布
2025-04-23,3185,159,2050,5394,59.047089358546536,72,34,2025-04-23 15:30:31,同花顺涨跌分布
2025-04-24,1545,155,3694,5394,28.64293659621802,64,35,2025-04-24 15:00:16,同花顺涨跌分布
2025-04-25,2832,190,2371,5393,52.51251622473577,76,34,2025-04-25 15:00:16,同花顺涨跌分布
2025-04-28,1216,61,4110,5387,22.572860590310007,48,77,2025-04-28 15:33:46,同花顺涨跌分布
2025-04-29,3557,130,1674,5361,66.34956164894609,73,57,2025-04-29 15:35:16,同花顺涨跌分布
2025-04-30,3443,147,1770,5360,64.23507462686567,99,39,2025-04-30 15:00:16,同花顺涨跌分布
2025-05-06,4962,45,379,5386,92.1277385815076,143,27,2025-05-06 15:33:31,同花顺涨跌分布
2025-05-07,3293,204,1891,5388,61.117297698589454,99,14,2025-05-07 15:13:31,同花顺涨跌分布
2025-05-08,3839,183,1367,5389,71.2377064390425,104,9,2025-05-08 15:00:16,同花顺涨跌分布
2025-05-09,1213,113,4063,5389,22.508814251252552,58,8,2025-05-09 15:00:16,同花顺涨跌分布
2025-05-12,4112,176,1101,5389,76.3035813694563,89,3,2025-05-12 15:00:17,同花顺涨跌分布
2025-05-13,1941,216,3234,5391,36.00445186421814,70,14,2025-05-13 15:00:17,同花顺涨跌分布
2025-05-14,2328,247,2816,5391,43.18308291597106,90,9,2025-05-14 15:00:16,同花顺涨跌分布
2025-05-15,1407,127,3856,5390,26.1038961038961,76,11,2025-05-15 15:00:16,同花顺涨跌分布
2025-05-16,3002,202,2187,5391,55.68540159525135,68,11,2025-05-16 15:00:16,同花顺涨跌分布
2025-05-19,3564,132,1692,5388,66.14699331848553,121,0,2025-05-19 15:00:17,同花顺涨跌分布
2025-05-20,3836,178,1380,5394,71.11605487578791,101,9,2025-05-20 15:00:17,同花顺涨跌分布
2025-05-21,1615,171,3604,5390,29.96289424860853,84,3,2025-05-21 15:00:16,同花顺涨跌分布
2025-05-22,887,48,4451,5386,16.468622354251764,50,17,2025-05-22 15:15:31,同花顺涨跌分布
2025-05-23,1107,77,4204,5388,20.5456570155902,51,20,2025-05-23 15:26:46,同花顺涨跌分布
2025-05-26,3797,156,1432,5385,70.51067780872795,85,4,2025-05-26 15:00:16,同花顺涨跌分布
2025-05-27,2637,172,2576,5385,48.969359331476326,95,5,2025-05-27 15:00:17,同花顺涨跌分布
2025-05-28,1751,152,3480,5383,32.52832992754969,75,9,2025-05-28 15:00:17,同花顺涨跌分布
2025-05-29,4472,83,831,5386,83.03007797994802,120,15,2025-05-29 15:33:16,同花顺涨跌分布
2025-05-30,1116,105,4163,5384,20.72808320950966,53,19,2025-05-30 15:00:16,同花顺涨跌分布
2025-06-03,3390,207,1783,5380,63.01115241635687,82,12,2025-06-03 15:32:16,同花顺涨跌分布
2025-06-04,3963,185,1238,5386,73.57965094689936,86,2,2025-06-04 15:00:17,同花顺涨跌分布
2025-06-05,2677,170,2541,5388,49.6844840386043,76,12,2025-06-05 15:00:16,同花顺涨跌分布
2025-06-06,2601,186,2604,5391,48.24707846410685,65,5,2025-06-06 15:00:16,同花顺涨跌分布
2025-06-09,4121,172,1094,5387,76.49897902357527,87,3,2025-06-09 15:32:16,同花顺涨跌分布
2025-06-10,1263,97,4035,5395,23.410565338276182,61,2,2025-06-10 15:00:18,同花顺涨跌分布
2025-06-11,3415,245,1738,5398,63.26417191552427,72,6,2025-06-11 15:00:17,同花顺涨跌分布
2025-06-12,2327,203,2868,5398,43.10855872545388,74,5,2025-06-12 15:00:17,同花顺涨跌分布
2025-06-13,849,72,4477,5398,15.72804742497221,63,15,2025-06-13 15:00:17,同花顺涨跌分布
2025-06-16,3559,200,1641,5400,65.9074074074074,73,6,2025-06-16 15:00:16,同花顺涨跌分布
2025-06-17,2250,235,2921,5406,41.620421753607104,61,9,2025-06-17 15:00:16,同花顺涨跌分布
2025-06-18,1813,114,3479,5406,33.53681095079541,49,13,2025-06-18 15:00:17,同花顺涨跌分布
2025-06-19,716,43,4646,5405,13.24699352451434,39,20,2025-06-19 15:00:16,同花顺涨跌分布
2025-06-20,1542,218,3647,5407,28.51858701683004,53,19,2025-06-20 15:00:17,同花顺涨跌分布
2025-06-23,4446,112,844,5402,82.30285079600148,84,1,2025-06-23 15:00:16,同花顺涨跌分布
2025-06-24,4771,57,578,5406,88.25379208287089,85,19,2025-06-24 15:19:31,同花顺涨跌分布
2025-06-25,3919,204,1284,5407,72.4801183650823,80,6,2025-06-25 15:11:46,同花顺涨跌分布
2025-06-26,1621,180,3609,5410,29.963031423290204,72,3,2025-06-26 15:30:31,同花顺涨跌分布
2025-06-27,3381,252,1772,5405,62.5531914893617,60,5,2025-06-27 15:34:16,同花顺涨跌分布
2025-06-30,4056,222,1127,5405,75.04162812210916,92,5,2025-06-30 15:32:46,同花顺涨跌分布
2025-07-01,2629,230,2545,5404,48.64914877868245,74,6,2025-07-01 15:00:16,同花顺涨跌分布
2025-07-02,1945,174,3284,5403,35.99851934110679,63,9,2025-07-02 15:00:17,同花顺涨跌分布
2025-07-03,3271,266,1866,5403,60.54044049602073,66,7,2025-07-03 15:00:16,同花顺涨跌分布
2025-07-04,1169,116,4120,5405,21.628122109158188,42,12,2025-07-04 15:00:16,同花顺涨跌分布
2025-07-07,3255,170,1978,5403,60.24430871737923,76,4,2025-07-07 15:00:16,同花顺涨跌分布
2025-07-08,4283,139,981,5403,79.27077549509531,75,7,2025-07-08 15:00:16,同花顺涨跌分布
2025-07-09,1856,223,3327,5406,34.3322234554199,61,6,2025-07-09 15:00:16,同花顺涨跌分布
2025-07-10,2947,180,2279,5406,54.51350351461339,69,14,2025-07-10 15:00:16,同花顺涨跌分布
2025-07-11,2960,243,2206,5409,54.72360880014791,68,13,2025-07-11 15:00:17,同花顺涨跌分布
2025-07-14,3179,165,2064,5408,58.78328402366864,72,18,2025-07-14 15:15:31,同花顺涨跌分布
2025-07-15,1332,59,4017,5408,24.6301775147929,49,25,2025-07-15 15:00:16,同花顺涨跌分布
2025-07-16,3277,201,1929,5407,60.6066210467912,67,8,2025-07-16 15:00:17,同花顺涨跌分布
2025-07-17,3536,261,1610,5407,65.39670797114852,66,6,2025-07-17 15:24:17,同花顺涨跌分布
2025-07-18,2603,236,2567,5406,48.15020347761747,52,3,2025-07-18 15:00:16,同花顺涨跌分布
2025-07-21,4005,108,1291,5404,74.11176905995559,129,5,2025-07-21 15:00:17,同花顺涨跌分布
2025-07-22,2540,138,2724,5402,47.019622362088114,112,9,2025-07-22 15:00:17,同花顺涨跌分布
2025-07-23,1271,108,4027,5406,23.51091379948205,56,10,2025-07-23 15:32:16,同花顺涨跌分布
2025-07-24,4391,100,914,5405,81.23959296947271,79,1,2025-07-24 15:00:16,同花顺涨跌分布
2025-07-25,2533,148,2726,5407,46.84668022933235,49,15,2025-07-25 15:17:31,同花顺涨跌分布
2025-07-28,2780,190,2438,5408,51.405325443786985,62,12,2025-07-28 15:00:16,同花顺涨跌分布
2025-07-29,2240,170,3002,5412,41.38950480413895,48,7,2025-07-29 15:00:16,同花顺涨跌分布
2025-07-30,1713,140,3559,5412,31.65188470066519,55,9,2025-07-30 15:00:17,同花顺涨跌分布
2025-07-31,1061,61,4287,5409,19.615455721944908,49,6,2025-07-31 15:00:16,同花顺涨跌分布
2025-08-01,3307,194,1909,5410,61.12754158964881,49,9,2025-08-01 15:00:17,同花顺涨跌分布
2025-08-04,3877,218,1312,5407,71.70334751248382,69,6,2025-08-04 15:00:17,同花顺涨跌分布
2025-08-05,3903,178,1327,5408,72.17085798816568,68,2,2025-08-05 15:16:03,同花顺涨跌分布
2025-08-06,3357,236,1817,5410,62.05175600739371,77,3,2025-08-06 15:30:46,同花顺涨跌分布
2025-08-07,2118,205,3086,5409,39.15696062118691,73,8,2025-08-07 15:00:17,同花顺涨跌分布
2025-08-08,2429,180,2802,5411,44.89003880983182,72,2,2025-08-08 15:00:16,同花顺涨跌分布
2025-08-11,4188,157,1068,5413,77.36929613892481,84,12,2025-08-11 15:00:16,同花顺涨跌分布
2025-08-12,2084,165,3167,5416,38.47858197932053,60,5,2025-08-12 15:23:46,同花顺涨跌分布
2025-08-13,2733,221,2458,5412,50.49889135254989,100,5,2025-08-13 15:00:16,同花顺涨跌分布
2025-08-14,735,30,4648,5413,13.578422316645112,52,15,2025-08-14 15:00:17,同花顺涨跌分布
2025-08-15,4625,143,644,5412,85.45824094604583,104,4,2025-08-15 15:32:01,同花顺涨跌分布
2025-08-18,4037,151,1222,5410,74.62107208872459,122,2,2025-08-18 15:32:01,同花顺涨跌分布
2025-08-19,2984,174,2255,5413,55.12654720118234,104,10,2025-08-19 15:02:46,同花顺涨跌分布
2025-08-20,3676,148,1587,5411,67.93568656440584,102,14,2025-08-20 15:31:47,同花顺涨跌分布
2025-08-21,2170,153,3091,5414,40.08127077946066,56,14,2025-08-21 15:00:31,同花顺涨跌分布
2025-08-22,2803,216,2396,5415,51.76361957525393,79,2,2025-08-22 15:01:02,同花顺涨跌分布
2025-08-25,3351,166,1898,5415,61.88365650969529,92,8,2025-08-25 15:01:32,同花顺涨跌分布
2025-08-26,2804,142,2470,5416,51.7725258493353,90,8,2025-08-26 15:05:01,同花顺涨跌分布
2025-08-27,633,20,4764,5417,11.685434742477389,47,14,2025-08-27 15:09:31,同花顺涨跌分布
2025-08-28,2868,147,2402,5417,52.94443418866531,66,9,2025-08-28 15:10:48,同花顺涨跌分布
2025-08-29,1997,108,3309,5414,36.88585149612117,76,12,2025-08-29 15:32:03,同花顺涨跌分布
2025-09-01,3208,120,2086,5414,59.25378647949759,122,7,2025-09-01 15:00:17,同花顺涨跌分布
2025-09-02,1259,100,4056,5415,23.25023084025854,54,25,2025-09-02 15:00:18,同花顺涨跌分布
2025-09-03,823,34,4560,5417,15.19291120546428,40,22,2025-09-03 15:32:16,同花顺涨跌分布
2025-09-04,2297,129,2990,5416,42.41137370753324,43,47,2025-09-04 15:31:46,同花顺涨跌分布
2025-09-05,4857,87,473,5417,89.66217463540706,107,7,2025-09-05 15:32:16,同花顺涨跌分布
2025-09-08,3957,112,1350,5419,73.0208525558221,85,7,2025-09-08 15:00:33,同花顺涨跌分布
2025-09-09,1299,110,4011,5420,23.96678966789668,63,7,2025-09-09 15:32:16,同花顺涨跌分布
2025-09-10,2442,211,2769,5422,45.038731095536704,63,5,2025-09-10 15:00:16,同花顺涨跌分布
2025-09-11,4221,153,1047,5421,77.86386275594909,94,6,2025-09-11 15:00:32,同花顺涨跌分布
2025-09-12,1926,125,3373,5424,35.508849557522126,74,7,2025-09-12 15:00:17,同花顺涨跌分布
2025-09-15,1916,131,3375,5422,35.337513832534114,81,11,2025-09-15 15:00:17,同花顺涨跌分布
2025-09-16,3629,104,1689,5422,66.93102176318702,88,7,2025-09-16 15:00:16,同花顺涨跌分布
2025-09-17,2504,160,2757,5421,46.19073971591957,80,4,2025-09-17 15:00:17,同花顺涨跌分布
2025-09-18,1027,43,4350,5420,18.948339483394832,64,8,2025-09-18 15:22:46,同花顺涨跌分布
2025-09-19,1910,108,3404,5422,35.22685355957211,59,26,2025-09-19 15:00:16,同花顺涨跌分布
2025-09-22,2175,90,3153,5418,40.14396456256921,73,12,2025-09-22 15:00:16,同花顺涨跌分布
2025-09-23,1108,50,4266,5424,20.42772861356932,53,24,2025-09-23 15:00:16,同花顺涨跌分布
2025-09-24,4458,111,853,5422,82.22058281077094,88,13,2025-09-24 15:00:18,同花顺涨跌分布
2025-09-25,1477,72,3877,5426,27.220788794692226,52,9,2025-09-25 15:00:17,同花顺涨跌分布
2025-09-26,1805,207,3414,5426,33.26575746406192,58,24,2025-09-26 15:00:16,同花顺涨跌分布
2025-09-29,3576,186,1658,5420,65.97785977859778,66,7,2025-09-29 15:00:16,同花顺涨跌分布
2025-09-30,2657,188,2578,5423,48.99502120597455,63,10,2025-09-30 15:00:18,同花顺涨跌分布
2025-10-09,3115,118,2186,5419,57.48293042996863,99,24,2025-10-09 15:00:16,同花顺涨跌分布
2025-10-10,2774,112,2536,5422,51.16193286610107,69,15,2025-10-10 15:00:17,同花顺涨跌分布
2025-10-13,1684,106,3634,5424,31.047197640118,73,10,2025-10-13 15:00:16,同花顺涨跌分布
2025-10-14,1734,136,3554,5424,31.96902654867257,45,8,2025-10-14 15:00:16,同花顺涨跌分布
2025-10-15,4333,141,950,5424,79.88569321533923,82,7,2025-10-15 15:00:16,同花顺涨跌分布
2025-10-16,1177,80,4171,5428,21.68386145910096,55,7,2025-10-16 15:05:46,同花顺涨跌分布
2025-10-17,602,46,4783,5431,11.084514822316333,44,28,2025-10-17 15:00:16,同花顺涨跌分布
2025-10-20,4064,113,1253,5430,74.84346224677716,95,6,2025-10-20 15:00:17,同花顺涨跌分布
2025-10-21,4628,72,729,5429,85.24590163934425,92,5,2025-10-21 15:30:32,同花顺涨跌分布
2025-10-22,2280,184,2965,5429,41.9966844722785,72,8,2025-10-22 15:00:16,同花顺涨跌分布
2025-10-23,2994,135,2302,5431,55.12796906647026,72,9,2025-10-23 15:00:16,同花顺涨跌分布
2025-10-24,3028,130,2274,5432,55.74374079528719,71,10,2025-10-24 15:00:16,同花顺涨跌分布
2025-10-27,3361,208,1862,5431,61.88547228871294,63,15,2025-10-27 15:00:16,同花顺涨跌分布
2025-10-28,2366,158,2908,5432,43.55670103092783,71,10,2025-10-28 15:23:46,同花顺涨跌分布
2025-10-29,2672,139,2621,5432,49.189985272459495,66,10,2025-10-29 15:00:16,同花顺涨跌分布
2025-10-30,1242,89,4100,5431,22.86871662677224,61,10,2025-10-30 15:00:16,同花顺涨跌分布
2025-10-31,3760,119,1553,5432,69.21944035346097,76,17,2025-10-31 15:00:16,同花顺涨跌分布
2025-11-03,3535,98,1801,5434,65.05336768494662,90,11,2025-11-03 15:30:17,同花顺涨跌分布
2025-11-04,1630,154,3650,5434,29.99631947000368,67,8,2025-11-04 15:23:16,同花顺涨跌分布
2025-11-05,3380,149,1905,5434,62.20095693779905,83,7,2025-11-05 15:00:17,同花顺涨跌分布
2025-11-06,2880,166,2388,5434,52.99963194700037,72,17,2025-11-06 15:00:16,同花顺涨跌分布
2025-11-07,2101,173,3162,5436,38.64974245768948,63,8,2025-11-07 15:00:16,同花顺涨跌分布
2025-11-10,3376,106,1957,5439,62.070233498804924,92,10,2025-11-10 15:05:31,同花顺涨跌分布
2025-11-11,2785,150,2504,5439,51.204265489979775,82,6,2025-11-11 15:00:16,同花顺涨跌分布
2025-11-12,1758,120,3563,5441,32.31023708877045,77,10,2025-11-12 15:00:16,同花顺涨跌分布
2025-11-13,3952,150,1338,5440,72.6470588235294,104,0,2025-11-13 15:09:31,同花顺涨跌分布
2025-11-14,1961,154,3323,5438,36.06105185730048,89,9,2025-11-14 15:00:16,同花顺涨跌分布
2025-11-17,2584,127,2726,5437,47.52620930660291,100,10,2025-11-17 15:00:16,同花顺涨跌分布
2025-11-18,1277,57,4106,5440,23.47426470588235,62,36,2025-11-18 15:00:18,同花顺涨跌分布
2025-11-19,1200,67,4175,5442,22.05071664829107,64,33,2025-11-19 15:30:16,同花顺涨跌分布
2025-11-20,1453,138,3850,5441,26.704649880536667,49,20,2025-11-20 15:00:16,同花顺涨跌分布
2025-11-21,354,18,5072,5444,6.502571638501102,33,99,2025-11-21 15:00:16,同花顺涨跌分布
2025-11-24,4228,108,1104,5440,77.72058823529412,79,34,2025-11-24 15:00:16,同花顺涨跌分布
2025-11-25,4300,145,993,5438,79.07318867230599,95,5,2025-11-25 15:00:16,同花顺涨跌分布
2025-11-26,1692,149,3593,5434,31.13728376886272,76,6,2025-11-26 15:00:31,同花顺涨跌分布
2025-11-27,2790,197,2447,5434,51.343393448656606,63,14,2025-11-27 15:00:16,同花顺涨跌分布
2025-11-28,4122,118,1193,5433,75.86968525676421,81,6,2025-11-28 15:00:16,同花顺涨跌分布
2025-12-01,3398,162,1872,5432,62.55522827687776,76,7,2025-12-01 15:00:17,同花顺涨跌分布
2025-12-02,1544,152,3740,5436,28.403237674760856,54,7,2025-12-02 15:20:16,同花顺涨跌分布
2025-12-03,1443,123,3876,5442,26.51598676957001,54,14,2025-12-03 15:00:16,同花顺涨跌分布
2025-12-04,1455,107,3878,5440,26.746323529411764,39,26,2025-12-04 15:00:16,同花顺涨跌分布
2025-12-05,4387,76,975,5438,80.67304155939684,80,12,2025-12-05 15:00:16,同花顺涨跌分布
2025-12-08,3409,166,1865,5440,62.665441176470594,78,8,2025-12-08 15:00:17,同花顺涨跌分布
2025-12-09,1308,75,4058,5441,24.039698584818968,54,12,2025-12-09 15:00:17,同花顺涨跌分布
2025-12-10,2435,159,2844,5438,44.77749172489886,60,11,2025-12-10 15:00:32,同花顺涨跌分布
2025-12-11,1032,32,4378,5442,18.96361631753032,38,29,2025-12-11 15:00:16,同花顺涨跌分布
2025-12-12,2683,149,2612,5444,49.28361498897869,83,26,2025-12-12 15:00:16,同花顺涨跌分布
2025-12-15,2314,161,2968,5443,42.51331986037112,65,24,2025-12-15 15:32:16,同花顺涨跌分布
2025-12-16,1091,52,4302,5445,20.03673094582185,46,36,2025-12-16 15:00:17,同花顺涨跌分布
2025-12-17,3626,185,1635,5446,66.58097686375322,57,25,2025-12-17 15:00:17,同花顺涨跌分布
2025-12-18,2845,188,2416,5449,52.211414938520825,73,8,2025-12-18 15:00:16,同花顺涨跌分布
2025-12-19,4477,66,905,5448,82.17694566813509,82,6,2025-12-19 15:00:16,同花顺涨跌分布
2025-12-22,2984,195,2265,5444,54.812637766348274,105,8,2025-12-22 15:29:01,同花顺涨跌分布
2025-12-23,1512,81,3856,5449,27.748210680858875,68,15,2025-12-23 15:06:46,同花顺涨跌分布
2025-12-24,4128,186,1137,5451,75.72922399559714,86,6,2025-12-24 15:00:16,同花顺涨跌分布
2025-12-25,3773,208,1473,5454,69.17858452511918,93,2,2025-12-25 15:00:18,同花顺涨跌分布
2025-12-26,1866,174,3413,5453,34.21969558041445,92,3,2025-12-26 15:00:18,同花顺涨跌分布
2025-12-29,1995,128,3332,5455,36.57195233730523,87,25,2025-12-29 15:30:31,同花顺涨跌分布
2025-12-30,1840,137,3480,5457,33.71816016126077,66,19,2025-12-30 15:00:18,同花顺涨跌分布
2025-12-31,2474,208,2776,5458,45.32795895932576,63,12,2025-12-31 15:00:17,同花顺涨跌分布
2026-01-05,4185,104,1168,5457,76.69048927982408,127,12,2026-01-05 15:13:16,同花顺涨跌分布
2026-01-06,4108,129,1222,5459,75.25187763326616,143,2,2026-01-06 15:30:46,同花顺涨跌分布
2026-01-07,2173,97,3190,5460,39.7985347985348,97,7,2026-01-07 15:00:16,同花顺涨跌分布
2026-01-08,3731,133,1595,5459,68.3458508884411,111,6,2026-01-08 15:30:01,同花顺涨跌分布
2026-01-09,3920,190,1349,5459,71.80802344751787,109,1,2026-01-09 15:32:01,同花顺涨跌分布
2026-01-12,4144,133,1182,5459,75.91133907309032,201,9,2026-01-12 15:31:46,同花顺涨跌分布
2026-01-13,1622,101,3729,5452,29.7505502567865,75,56,2026-01-13 15:33:16,同花顺涨跌分布
2026-01-14,2747,115,2592,5454,50.36670333700036,110,19,2026-01-14 15:07:31,同花顺涨跌分布
2026-01-15,2230,106,3121,5457,40.86494410848452,63,71,2026-01-15 15:30:32,同花顺涨跌分布
2026-01-16,2371,116,2973,5460,43.42490842490842,67,57,2026-01-16 15:31:46,同花顺涨跌分布
2026-01-19,3527,107,1827,5461,64.58524079838858,103,30,2026-01-19 15:00:19,同花顺涨跌分布
2026-01-20,2233,132,3102,5467,40.845070422535215,62,23,2026-01-20 15:00:16,同花顺涨跌分布
2026-01-21,3096,172,2197,5465,56.65141811527905,88,11,2026-01-21 15:00:16,同花顺涨跌分布
2026-01-22,3577,112,1777,5466,65.44090742773508,92,5,2026-01-22 15:00:17,同花顺涨跌分布
2026-01-23,3941,136,1390,5467,72.08706786171575,121,2,2026-01-23 15:00:16,同花顺涨跌分布
2026-01-26,1604,88,3771,5463,29.361156873512723,77,40,2026-01-26 15:40:16,同花顺涨跌分布
2026-01-27,1928,81,3454,5463,35.291964122277136,59,12,2026-01-27 15:00:17,同花顺涨跌分布
2026-01-28,1739,85,3640,5464,31.82650073206442,84,28,2026-01-28 15:00:17,同花顺涨跌分布
2026-01-29,1803,96,3566,5465,32.99176578225069,86,35,2026-01-29 15:32:01,同花顺涨跌分布
2026-01-30,2453,113,2896,5462,44.910289271329184,57,60,2026-01-30 15:00:16,同花顺涨跌分布
2026-02-02,771,41,4652,5464,14.110541727672036,44,123,2026-02-02 15:00:17,同花顺涨跌分布
2026-02-03,4856,77,532,5465,88.85635864592864,83,22,2026-02-03 15:00:17,同花顺涨跌分布
2026-02-04,3254,84,2130,5468,59.509875640087785,77,14,2026-02-04 15:00:16,同花顺涨跌分布
2026-02-05,1618,130,3719,5467,29.595756356319736,56,23,2026-02-05 15:00:17,同花顺涨跌分布
2026-02-06,2749,167,2550,5466,50.29271862422247,61,10,2026-02-06 15:00:17,同花顺涨跌分布
2026-02-09,4612,94,759,5465,84.39158279963404,96,8,2026-02-09 15:23:31,同花顺涨跌分布
2026-02-10,2195,147,3128,5470,40.12797074954296,71,10,2026-02-10 15:00:16,同花顺涨跌分布
2026-02-11,2050,179,3241,5470,37.47714808043875,60,10,2026-02-11 15:00:16,同花顺涨跌分布
2026-02-12,2108,88,3280,5476,38.495252008765526,69,22,2026-02-12 15:08:46,同花顺涨跌分布
2026-02-13,1540,105,3829,5474,28.13299232736573,46,16,2026-02-13 15:00:17,同花顺涨跌分布
2026-02-24,4006,76,1392,5474,73.1823164048228,109,21,2026-02-24 15:00:16,同花顺涨跌分布
2026-02-25,3748,114,1609,5471,68.50667154085176,101,4,2026-02-25 15:00:16,同花顺涨跌分布
2026-02-26,2485,116,2870,5471,45.42131237433741,78,5,2026-02-26 15:32:46,同花顺涨跌分布
2026-02-27,3271,132,2068,5471,59.7879729482727,91,1,2026-02-27 15:00:16,同花顺涨跌分布
2026-03-02,1142,46,4282,5470,20.87751371115174,94,21,2026-03-02 15:00:17,同花顺涨跌分布
2026-03-03,643,22,4807,5472,11.750730994152049,85,82,2026-03-03 15:28:01,同花顺涨跌分布
2026-03-04,1745,89,3640,5474,31.87796857873584,46,21,2026-03-04 15:00:16,同花顺涨跌分布
2026-03-05,4079,91,1306,5476,74.48867786705624,79,7,2026-03-05 15:29:46,同花顺涨跌分布
2026-03-06,4260,63,1154,5477,77.77980646339236,88,5,2026-03-06 15:00:17,同花顺涨跌分布
2026-03-09,1423,94,3964,5481,25.96241561758803,50,9,2026-03-09 15:00:17,同花顺涨跌分布
2026-03-10,4536,93,850,5479,82.78883007848148,71,7,2026-03-10 15:00:16,同花顺涨跌分布
2026-03-11,2060,138,3284,5482,37.57752645020066,67,2,2026-03-11 15:00:16,同花顺涨跌分布
2026-03-12,1494,95,3893,5482,27.25282743524261,64,6,2026-03-12 15:07:16,同花顺涨跌分布
2026-03-13,1502,151,3828,5481,27.4037584382412,68,22,2026-03-13 15:00:16,同花顺涨跌分布
2026-03-16,2843,143,2494,5480,51.87956204379562,60,10,2026-03-16 15:32:46,同花顺涨跌分布
2026-03-17,867,70,4541,5478,15.826944140197153,52,15,2026-03-17 15:30:16,同花顺涨跌分布
2026-03-18,3554,94,1831,5479,64.8658514327432,70,14,2026-03-18 15:00:16,同花顺涨跌分布
2026-03-19,505,19,4955,5479,9.217010403358277,36,14,2026-03-19 15:00:16,同花顺涨跌分布
2026-03-20,662,33,4786,5481,12.078087940156909,39,23,2026-03-20 15:00:17,同花顺涨跌分布
2026-03-23,305,6,5172,5483,5.562648185300018,38,133,2026-03-23 15:33:31,同花顺涨跌分布
2026-03-24,5136,16,329,5481,93.70552818828682,100,8,2026-03-24 15:00:16,同花顺涨跌分布
2026-03-25,4874,48,560,5482,88.90915724188253,105,4,2026-03-25 15:00:17,同花顺涨跌分布
2026-03-26,916,72,4493,5481,16.7122787812443,51,13,2026-03-26 15:00:16,同花顺涨跌分布
2026-03-27,4337,68,1073,5478,79.17123037604965,93,5,2026-03-27 15:00:17,同花顺涨跌分布
2026-03-30,2867,145,2464,5476,52.35573411249087,76,16,2026-03-30 15:00:16,同花顺涨跌分布
2026-03-31,1011,93,4378,5482,18.44217438890916,59,17,2026-03-31 15:00:16,同花顺涨跌分布
2026-04-01,4495,103,887,5485,81.95077484047401,65,14,2026-04-01 15:32:01,同花顺涨跌分布
2026-04-02,1052,55,4378,5485,19.179580674567003,32,16,2026-04-02 15:00:17,同花顺涨跌分布
2026-04-03,716,24,4746,5486,13.051403572730589,38,41,2026-04-03 15:00:16,同花顺涨跌分布
2026-04-07,3977,81,1426,5484,72.5200583515682,101,18,2026-04-07 15:00:16,同花顺涨跌分布
2026-04-08,5174,15,301,5490,94.2440801457195,135,12,2026-04-08 15:00:16,同花顺涨跌分布
2026-04-09,1140,52,4299,5491,20.761245674740483,61,13,2026-04-09 15:00:17,同花顺涨跌分布
2026-04-10,3977,121,1397,5495,72.37488626023658,77,12,2026-04-10 15:33:31,同花顺涨跌分布
2026-04-13,2378,156,2960,5494,43.28358208955223,86,10,2026-04-13 15:00:16,同花顺涨跌分布
2026-04-14,3723,179,1594,5496,67.74017467248909,71,10,2026-04-14 15:00:17,同花顺涨跌分布
2026-04-15,1841,112,3541,5494,33.50928285402257,68,14,2026-04-15 15:00:16,同花顺涨跌分布
2026-04-16,4293,133,1072,5498,78.0829392506366,88,9,2026-04-16 15:00:17,同花顺涨跌分布
2026-04-17,2396,115,2986,5497,43.58741131526287,76,7,2026-04-17 15:32:16,同花顺涨跌分布
2026-04-20,3424,171,1898,5493,62.33387948297834,90,17,2026-04-20 15:00:16,同花顺涨跌分布
2026-04-21,1949,118,3431,5498,35.44925427428156,65,19,2026-04-21 15:00:17,同花顺涨跌分布
2026-04-22,2920,144,2433,5497,53.11988357285792,63,15,2026-04-22 15:30:16,同花顺涨跌分布
2026-04-23,1330,86,4078,5494,24.208227156898435,58,30,2026-04-23 15:08:31,同花顺涨跌分布
2026-04-24,2035,109,3352,5496,37.02692867540029,68,37,2026-04-24 15:00:17,同花顺涨跌分布
2026-04-27,3284,106,2105,5495,59.763421292083706,84,52,2026-04-27 15:00:16,同花顺涨跌分布
2026-04-28,1698,108,3682,5488,30.94023323615161,76,54,2026-04-28 15:27:31,同花顺涨跌分布
2026-04-29,3973,86,1403,5462,72.73892347125594,119,39,2026-04-29 15:32:01,同花顺涨跌分布
2026-04-30,2878,121,2461,5460,52.71062271062272,98,52,2026-04-30 15:32:31,同花顺涨跌分布
2026-05-06,3889,120,1481,5490,70.83788706739527,125,63,2026-05-06 15:16:16,同花顺涨跌分布
2026-05-07,3520,141,1832,5493,64.08155834698708,127,54,2026-05-07 15:18:01,同花顺涨跌分布
2026-05-08,3637,126,1728,5491,66.23565835002732,126,33,2026-05-08 15:00:16,同花顺涨跌分布
2026-05-11,3121,131,2239,5491,56.8384629393553,135,27,2026-05-11 15:00:16,同花顺涨跌分布
2026-05-12,1378,64,4048,5490,25.10018214936248,94,32,2026-05-12 15:24:31,同花顺涨跌分布
2026-05-13,3215,144,2134,5493,58.52903695612598,147,17,2026-05-13 15:33:01,同花顺涨跌分布
2026-05-14,1047,59,4387,5493,19.060622610595303,80,44,2026-05-14 15:30:47,同花顺涨跌分布
2026-05-15,1816,95,3584,5495,33.04822565969063,72,44,2026-05-15 15:00:17,同花顺涨跌分布
2026-05-18,2373,123,3003,5499,43.15330060010911,102,53,2026-05-18 15:00:16,同花顺涨跌分布
2026-05-19,3608,112,1774,5494,65.67164179104478,122,26,2026-05-19 15:20:01,同花顺涨跌分布
2026-05-20,1638,57,3803,5498,29.79265187340851,69,38,2026-05-20 15:00:16,同花顺涨跌分布
2026-05-21,695,33,4773,5501,12.634066533357572,36,65,2026-05-21 15:00:16,同花顺涨跌分布
2026-05-22,3869,126,1509,5504,70.29433139534885,136,18,2026-05-22 15:00:16,同花顺涨跌分布
2026-05-25,2180,99,3225,5504,39.60755813953488,128,24,2026-05-25 15:00:16,同花顺涨跌分布
2026-05-26,1354,68,4082,5504,24.600290697674417,64,34,2026-05-26 15:00:17,同花顺涨跌分布
2026-05-27,974,43,4489,5506,17.689792953142028,61,32,2026-05-27 15:00:16,同花顺涨跌分布
2026-05-28,3018,123,2365,5506,54.812931347620776,126,12,2026-05-28 15:00:18,同花顺涨跌分布
2026-05-29,1542,80,3884,5506,28.00581184162732,67,59,2026-05-29 15:12:16,同花顺涨跌分布
2026-06-01,3776,50,1682,5508,68.55482933914307,166,23,2026-06-01 15:00:17,同花顺涨跌分布
2026-06-02,1543,88,3876,5507,28.018885055384057,96,18,2026-06-02 15:06:19,同花顺涨跌分布
2026-06-03,1713,71,3727,5511,31.08328796951552,81,27,2026-06-03 15:00:16,同花顺涨跌分布
2026-06-04,1344,46,4121,5511,24.387588459444743,91,32,2026-06-04 15:33:47,同花顺涨跌分布
2026-06-05,3277,124,2113,5514,59.43054044250997,84,17,2026-06-05 15:00:17,同花顺涨跌分布
2026-06-08,899,25,4591,5515,16.300997280145058,64,51,2026-06-08 15:05:31,同花顺涨跌分布
2026-06-09,3322,144,2049,5515,60.235720761559385,142,16,2026-06-09 15:00:16,同花顺涨跌分布
2026-06-10,1556,74,3882,5512,28.22931785195936,75,65,2026-06-10 15:00:16,同花顺涨跌分布
2026-06-11,1370,72,4069,5511,24.859372164761385,78,50,2026-06-11 15:30:31,同花顺涨跌分布
2026-06-12,3923,74,1515,5512,71.17198838896952,100,23,2026-06-12 15:00:16,同花顺涨跌分布
2026-06-15,3906,127,1475,5508,70.91503267973856,160,10,2026-06-15 15:32:01,同花顺涨跌分布
2026-06-16,2729,107,2677,5513,49.50117903138037,138,11,2026-06-16 15:05:46,同花顺涨跌分布
2026-06-17,1723,52,3734,5509,31.276093664911965,96,18,2026-06-17 15:32:16,同花顺涨跌分布
2026-06-18,2023,89,3395,5507,36.73506446341021,101,34,2026-06-18 15:32:31,同花顺涨跌分布
2026-06-22,2916,126,2468,5510,52.92196007259528,151,30,2026-06-22 15:00:16,同花顺涨跌分布
2026-06-23,2764,105,2644,5513,50.136042082350805,124,50,2026-06-23 15:00:16,同花顺涨跌分布
2026-06-24,1434,44,4034,5512,26.01596516690856,106,58,2026-06-24 15:00:16,同花顺涨跌分布
2026-06-25,1231,52,4228,5511,22.33714389403012,92,79,2026-06-25 15:00:17,同花顺涨跌分布
2026-06-26,790,47,4676,5513,14.329766007618357,73,44,2026-06-26 15:00:16,同花顺涨跌分布
2026-06-29,2469,108,2933,5510,44.80943738656988,124,69,2026-06-29 15:33:01,同花顺涨跌分布
2026-06-30,3054,90,2364,5508,55.44662309368192,170,20,2026-06-30 15:33:46,同花顺涨跌分布
2026-07-01,4329,37,1145,5511,78.55198693522047,221,11,2026-07-01 15:32:16,同花顺涨跌分布
2026-07-02,2219,136,3162,5517,40.221134674642016,156,41,2026-07-02 15:30:31,同花顺涨跌分布
2026-07-03,3804,84,1628,5516,68.96301667875272,160,24,2026-07-03 15:33:01,同花顺涨跌分布
2026-07-06,1876,100,3541,5517,34.00398767446076,71,51,2026-07-06 15:33:31,同花顺涨跌分布
2026-07-07,693,28,4796,5517,12.561174551386625,34,45,2026-07-07 15:32:31,同花顺涨跌分布
2026-07-08,1593,135,3790,5518,28.86915549111997,56,44,2026-07-08 15:33:16,同花顺涨跌分布
2026-07-09,2486,146,2888,5520,45.03623188405797,75,14,2026-07-09 15:33:31,同花顺涨跌分布
2026-07-10,3772,71,1678,5521,68.3209563484876,94,5,2026-07-10 15:33:01,同花顺涨跌分布
2026-07-13,801,40,4683,5524,14.500362056480812,32,176,2026-07-13 15:33:02,同花顺涨跌分布
2026-07-14,4211,66,1247,5524,76.23099203475743,87,25,2026-07-14 15:32:25,同花顺涨跌分布
2026-07-15,3351,76,2098,5525,60.651583710407245,74,33,2026-07-15 15:34:01,同花顺涨跌分布
2026-07-16,2499,164,2861,5524,45.23895727733526,48,38,2026-07-16 15:32:31,同花顺涨跌分布
2026-07-17,482,39,5001,5522,8.728721477725463,35,198,2026-07-17 16:59:46,同花顺涨跌分布
2026-07-20,1740,74,3710,5524,31.49891383055757,52,182,2026-07-20 15:20:01,同花顺涨跌分布
2026-07-21,3107,117,2301,5525,56.23529411764706,120,23,2026-07-21 15:20:01,同花顺涨跌分布
2026-07-22,1530,121,3875,5526,27.68729641693811,48,8,2026-07-22 15:20:01,同花顺涨跌分布
2026-07-23,4260,58,1208,5526,77.0901194353963,128,2,2026-07-23 15:20:01,同花顺涨跌分布
2026-07-24,555,31,4940,5526,10.04343105320304,43,25,2026-07-24 15:20:01,同花顺涨跌分布
2026-07-27,5195,42,286,5523,94.06119862393626,121,6,2026-07-27 15:33:16,同花顺涨跌分布
2026-07-28,2603,152,2769,5524,47.1216509775525,68,50,2026-07-28 15:33:40,同花顺涨跌分布
2026-07-29,4253,56,1215,5524,76.99131064446053,86,9,2026-07-29 15:32:46,同花顺涨跌分布
2026-07-30,1768,125,3635,5528,31.982633863965265,56,76,2026-07-30 15:33:16,同花顺涨跌分布
2026-07-31,4691,109,728,5528,84.8589001447178,101,0,2026-07-31 15:32:16,同花顺涨跌分布
2026-08-03,4005,58,1466,5529,72.43624525230602,83,9,2026-08-03 15:49:16,同花顺涨跌分布
2026-08-04,3642,140,1747,5529,65.87086272381985,140,1,2026-08-04 15:53:46,同花顺涨跌分布
2026-08-05,3725,186,1621,5532,67.3355025307303,104,1,2026-08-05 16:59:46,同花顺涨跌分布
2026-08-06,2789,154,2590,5533,50.40665100307248,83,1,2026-08-06 15:45:46,同花顺涨跌分布
2026-08-07,2856,143,2536,5535,51.59891598915989,74,4,2026-08-07 15:45:01,同花顺涨跌分布
2026-08-10,4068,79,1391,5538,73.45612134344529,103,5,2026-08-10 16:59:46,同花顺涨跌分布
2026-08-11,1615,147,3777,5539,29.156887524823976,60,2,2026-08-11 16:59:46,同花顺涨跌分布
2026-08-12,4128,131,1280,5539,74.52608774146958,96,0,2026-08-12 16:09:31,同花顺涨跌分布
2026-08-13,1142,81,4317,5540,20.613718411552345,62,4,2026-08-13 15:31:01,同花顺涨跌分布
2026-08-14,2400,170,2970,5540,43.32129963898917,64,10,2026-08-14 16:59:46,同花顺涨跌分布
2026-08-17,4335,140,1064,5539,78.26322440873804,110,1,2026-08-17 15:00:16,同花顺涨跌分布
2026-08-18,2121,127,3292,5540,38.28519855595668,80,5,2026-08-18 15:32:46,同花顺涨跌分布
2026-08-19,449,23,5069,5541,8.103230463815196,37,119,2026-08-19 15:33:01,同花顺涨跌分布
2026-08-20,4096,98,1347,5541,73.92167478794441,83,13,2026-08-20 15:32:03,同花顺涨跌分布
2026-08-21,2505,176,2862,5543,45.19213422334476,57,14,2026-08-21 15:31:01,同花顺涨跌分布
2026-08-24,1460,120,3965,5545,26.330027051397654,48,11,2026-08-24 15:32:31,同花顺涨跌分布
