date,open,close,high,low,volume
2023-07-27,0.249,0.246,0.25,0.245,3363979.0
2023-07-28,0.246,0.247,0.249,0.245,924394.0
2023-07-31,0.247,0.25,0.251,0.247,2169988.0
2023-08-01,0.25,0.25,0.251,0.248,689488.0
2023-08-02,0.25,0.251,0.253,0.249,2370511.0
2023-08-03,0.249,0.251,0.253,0.249,568125.0
2023-08-04,0.251,0.25,0.252,0.248,506768.0
2023-08-07,0.249,0.249,0.25,0.249,351849.0
2023-08-08,0.249,0.248,0.25,0.248,426170.0
2023-08-09,0.248,0.246,0.248,0.246,369437.0
2023-08-10,0.246,0.248,0.25,0.246,366434.0
2023-08-11,0.248,0.243,0.248,0.243,509868.0
2023-08-14,0.241,0.241,0.242,0.238,343982.0
2023-08-15,0.241,0.237,0.242,0.234,843631.0
2023-08-16,0.237,0.233,0.238,0.233,644171.0
2023-08-17,0.234,0.235,0.235,0.231,862187.0
2023-08-18,0.234,0.232,0.236,0.232,883468.0
2023-08-21,0.231,0.23,0.233,0.229,480867.0
2023-08-22,0.229,0.231,0.231,0.225,560096.0
2023-08-23,0.23,0.224,0.231,0.224,406089.0
2023-08-24,0.225,0.227,0.231,0.224,450888.0
2023-08-25,0.226,0.223,0.226,0.222,471923.0
2023-08-28,0.234,0.223,0.236,0.222,558050.0
2023-08-29,0.223,0.233,0.233,0.222,774920.0
2023-08-30,0.238,0.24,0.243,0.236,694307.0
2023-08-31,0.24,0.245,0.245,0.238,988074.0
2023-09-01,0.245,0.243,0.249,0.242,850381.0
2023-09-04,0.244,0.245,0.247,0.24,826149.0
2023-09-05,0.245,0.245,0.248,0.244,826951.0
2023-09-06,0.245,0.253,0.254,0.243,1914957.0
2023-09-07,0.251,0.242,0.251,0.242,1477845.0
2023-09-08,0.241,0.244,0.247,0.24,1227290.0
2023-09-11,0.243,0.244,0.247,0.242,786448.0
2023-09-12,0.243,0.242,0.244,0.241,597561.0
2023-09-13,0.241,0.24,0.244,0.238,633879.0
2023-09-14,0.238,0.236,0.24,0.235,704433.0
2023-09-15,0.236,0.237,0.24,0.233,753585.0
2023-09-18,0.235,0.233,0.236,0.232,633971.0
2023-09-19,0.234,0.23,0.234,0.228,636463.0
2023-09-20,0.228,0.227,0.231,0.227,533514.0
2023-09-21,0.225,0.225,0.228,0.225,686029.0
2023-09-22,0.225,0.23,0.23,0.224,815195.0
2023-09-25,0.23,0.23,0.231,0.227,585509.0
2023-09-26,0.229,0.228,0.23,0.227,493863.0
2023-09-27,0.228,0.228,0.232,0.227,517228.0
2023-09-28,0.229,0.235,0.237,0.227,988474.0
2023-10-09,0.234,0.235,0.236,0.232,647321.0
2023-10-10,0.235,0.234,0.237,0.234,762379.0
2023-10-11,0.234,0.236,0.236,0.233,705723.0
2023-10-12,0.236,0.241,0.242,0.235,966736.0
2023-10-13,0.239,0.24,0.241,0.238,702531.0
2023-10-16,0.239,0.233,0.24,0.232,721841.0
2023-10-17,0.233,0.237,0.237,0.232,723781.0
2023-10-18,0.236,0.233,0.239,0.233,595459.0
2023-10-19,0.232,0.233,0.237,0.23,764599.0
2023-10-20,0.231,0.229,0.233,0.228,551302.0
2023-10-23,0.228,0.224,0.228,0.223,591068.0
2023-10-24,0.226,0.233,0.236,0.224,1535310.0
2023-10-25,0.234,0.232,0.235,0.23,859082.0
2023-10-26,0.229,0.232,0.232,0.228,891528.0
2023-10-27,0.23,0.236,0.238,0.229,1012939.0
2023-10-30,0.235,0.241,0.242,0.234,1122739.0
2023-10-31,0.241,0.241,0.245,0.238,960921.0
2023-11-01,0.24,0.239,0.242,0.239,571184.0
2023-11-02,0.24,0.235,0.241,0.234,847799.0
2023-11-03,0.235,0.24,0.241,0.235,880934.0
2023-11-06,0.242,0.245,0.246,0.24,843774.0
2023-11-07,0.243,0.245,0.246,0.242,695767.0
2023-11-08,0.244,0.249,0.252,0.244,1043174.0
2023-11-09,0.249,0.247,0.251,0.246,800336.0
2023-11-10,0.247,0.247,0.25,0.245,838416.0
2023-11-13,0.248,0.248,0.249,0.246,688305.0
2023-11-14,0.248,0.25,0.251,0.247,685964.0
2023-11-15,0.252,0.248,0.253,0.247,837642.0
2023-11-16,0.245,0.243,0.246,0.243,796974.0
2023-11-17,0.242,0.245,0.246,0.241,637456.0
2023-11-20,0.246,0.247,0.248,0.244,631221.0
2023-11-21,0.247,0.242,0.247,0.242,763812.0
2023-11-22,0.242,0.238,0.242,0.238,692651.0
2023-11-23,0.238,0.241,0.241,0.237,726183.0
2023-11-24,0.24,0.236,0.24,0.236,676433.0
2023-11-27,0.234,0.24,0.24,0.234,851029.0
2023-11-28,0.24,0.241,0.242,0.239,643220.0
2023-11-29,0.241,0.24,0.244,0.24,653510.0
2023-11-30,0.239,0.239,0.24,0.237,644559.0
2023-12-01,0.239,0.239,0.239,0.236,544518.0
2023-12-04,0.239,0.236,0.239,0.236,544356.0
2023-12-05,0.235,0.232,0.236,0.231,573548.0
2023-12-06,0.231,0.231,0.233,0.23,607116.0
2023-12-07,0.231,0.228,0.231,0.226,772890.0
2023-12-08,0.228,0.229,0.23,0.227,588554.0
2023-12-11,0.228,0.233,0.233,0.226,647652.0
2023-12-12,0.233,0.231,0.233,0.23,592649.0
2023-12-13,0.231,0.228,0.232,0.228,562895.0
2023-12-14,0.231,0.227,0.231,0.226,633772.0
2023-12-15,0.227,0.225,0.228,0.224,622324.0
2023-12-18,0.224,0.221,0.224,0.22,611461.0
2023-12-19,0.221,0.224,0.226,0.221,661967.0
2023-12-20,0.224,0.222,0.225,0.222,587338.0
2023-12-21,0.221,0.225,0.226,0.22,630441.0
2023-12-22,0.225,0.224,0.225,0.221,688550.0
2023-12-25,0.223,0.221,0.224,0.219,588597.0
2023-12-26,0.22,0.216,0.22,0.215,748202.0
2023-12-27,0.216,0.222,0.223,0.216,1197316.0
2023-12-28,0.222,0.227,0.228,0.221,1045031.0
2023-12-29,0.227,0.227,0.229,0.226,687107.0
2024-01-02,0.226,0.222,0.227,0.222,612518.0
2024-01-03,0.221,0.221,0.224,0.219,548702.0
2024-01-04,0.22,0.218,0.221,0.217,625466.0
2024-01-05,0.218,0.214,0.219,0.213,633868.0
2024-01-08,0.214,0.207,0.214,0.207,656302.0
2024-01-09,0.209,0.207,0.21,0.205,669215.0
2024-01-10,0.207,0.206,0.21,0.204,720763.0
2024-01-11,0.206,0.209,0.21,0.205,648792.0
2024-01-12,0.208,0.208,0.211,0.207,632092.0
2024-01-15,0.207,0.207,0.211,0.205,567774.0
2024-01-16,0.208,0.21,0.211,0.206,887169.0
2024-01-17,0.208,0.204,0.21,0.203,648361.0
2024-01-18,0.202,0.208,0.208,0.2,847689.0
2024-01-19,0.208,0.206,0.21,0.206,914803.0
2024-01-22,0.205,0.198,0.206,0.196,766533.0
2024-01-23,0.197,0.199,0.2,0.195,771728.0
2024-01-24,0.2,0.197,0.201,0.19,1254905.0
2024-01-25,0.195,0.202,0.202,0.195,1146208.0
2024-01-26,0.2,0.196,0.2,0.195,828405.0
2024-01-29,0.196,0.188,0.197,0.188,1105084.0
2024-01-30,0.186,0.18,0.188,0.18,870615.0
2024-01-31,0.18,0.176,0.181,0.175,1190234.0
2024-02-01,0.175,0.178,0.182,0.174,925025.0
2024-02-02,0.178,0.17,0.179,0.166,1075141.0
2024-02-05,0.17,0.167,0.172,0.159,950607.0
2024-02-06,0.165,0.178,0.178,0.164,867433.0
2024-02-07,0.178,0.185,0.186,0.177,1877849.0
2024-02-08,0.186,0.19,0.194,0.186,978689.0
2024-02-19,0.195,0.192,0.196,0.189,1049592.0
2024-02-20,0.192,0.19,0.192,0.187,1398783.0
2024-02-21,0.189,0.192,0.196,0.187,1550416.0
2024-02-22,0.193,0.195,0.195,0.192,653412.0
2024-02-23,0.196,0.197,0.197,0.193,703673.0
2024-02-26,0.197,0.198,0.2,0.196,600394.0
2024-02-27,0.197,0.206,0.206,0.196,799273.0
2024-02-28,0.206,0.196,0.209,0.196,1446395.0
2024-02-29,0.195,0.212,0.212,0.195,1953867.0
2024-03-01,0.212,0.214,0.215,0.21,2010488.0
2024-03-04,0.213,0.215,0.216,0.211,1447275.0
2024-03-05,0.213,0.213,0.215,0.21,1058033.0
2024-03-06,0.211,0.211,0.214,0.208,885748.0
2024-03-07,0.212,0.209,0.216,0.209,977267.0
2024-03-08,0.209,0.214,0.215,0.209,903098.0
2024-03-11,0.211,0.216,0.216,0.211,890901.0
2024-03-12,0.216,0.218,0.221,0.215,894957.0
2024-03-13,0.219,0.215,0.22,0.215,712107.0
2024-03-14,0.215,0.213,0.216,0.211,841173.0
2024-03-15,0.211,0.213,0.213,0.21,591501.0
2024-03-18,0.214,0.218,0.218,0.213,795808.0
2024-03-19,0.218,0.216,0.219,0.216,628942.0
2024-03-20,0.215,0.218,0.218,0.215,603440.0
2024-03-21,0.22,0.219,0.223,0.217,1010228.0
2024-03-22,0.22,0.221,0.224,0.219,1185080.0
2024-03-25,0.22,0.217,0.224,0.216,1230055.0
2024-03-26,0.216,0.214,0.22,0.212,977957.0
2024-03-27,0.213,0.207,0.214,0.206,815232.0
2024-03-28,0.207,0.208,0.211,0.206,895458.0
2024-03-29,0.207,0.209,0.21,0.204,689644.0
2024-04-01,0.211,0.213,0.214,0.211,1364281.0
2024-04-02,0.213,0.209,0.213,0.208,726718.0
2024-04-03,0.21,0.209,0.211,0.206,1035038.0
2024-04-08,0.209,0.205,0.211,0.205,762624.0
2024-04-09,0.205,0.207,0.207,0.204,536691.0
2024-04-10,0.207,0.201,0.207,0.2,600975.0
2024-04-11,0.2,0.199,0.203,0.199,718356.0
2024-04-12,0.2,0.197,0.201,0.197,724885.0
2024-04-15,0.198,0.203,0.205,0.198,930920.0
2024-04-16,0.202,0.196,0.202,0.196,730930.0
2024-04-17,0.197,0.202,0.202,0.197,686001.0
2024-04-18,0.199,0.2,0.203,0.199,591457.0
2024-04-19,0.198,0.194,0.198,0.193,640205.0
2024-04-22,0.19,0.195,0.196,0.19,613061.0
2024-04-23,0.196,0.196,0.196,0.193,550135.0
2024-04-24,0.196,0.198,0.198,0.196,594824.0
2024-04-25,0.196,0.199,0.201,0.196,670454.0
2024-04-26,0.199,0.203,0.204,0.198,717859.0
2024-04-29,0.205,0.212,0.213,0.203,1141189.0
2024-04-30,0.212,0.208,0.212,0.207,796437.0
2024-05-06,0.21,0.209,0.211,0.208,772434.0
2024-05-07,0.209,0.207,0.209,0.206,609319.0
2024-05-08,0.206,0.204,0.208,0.203,555244.0
2024-05-09,0.205,0.209,0.209,0.204,693465.0
2024-05-10,0.208,0.203,0.209,0.2,1113454.0
2024-05-13,0.2,0.199,0.203,0.198,743572.0
2024-05-14,0.199,0.198,0.201,0.197,760526.0
2024-05-15,0.198,0.197,0.2,0.196,575260.0
2024-05-16,0.198,0.197,0.198,0.196,726534.0
2024-05-17,0.197,0.2,0.2,0.195,622704.0
2024-05-20,0.2,0.2,0.202,0.199,681971.0
2024-05-21,0.2,0.2,0.201,0.199,651418.0
2024-05-22,0.2,0.201,0.201,0.198,692922.0
2024-05-23,0.2,0.198,0.201,0.198,595105.0
2024-05-24,0.197,0.193,0.199,0.193,690221.0
2024-05-27,0.193,0.201,0.201,0.19,1359498.0
2024-05-28,0.201,0.2,0.206,0.2,1615673.0
2024-05-29,0.199,0.199,0.202,0.198,782438.0
2024-05-30,0.198,0.202,0.203,0.198,832660.0
2024-05-31,0.202,0.199,0.203,0.199,659158.0
2024-06-03,0.2,0.204,0.205,0.199,1558532.0
2024-06-04,0.204,0.205,0.206,0.202,1769383.0
2024-06-05,0.205,0.206,0.209,0.204,934624.0
2024-06-06,0.207,0.207,0.211,0.206,1163703.0
2024-06-07,0.209,0.208,0.211,0.205,1059553.0
2024-06-11,0.209,0.216,0.217,0.208,1499077.0
2024-06-12,0.217,0.216,0.218,0.214,1066223.0
2024-06-13,0.217,0.216,0.219,0.215,1326417.0
2024-06-14,0.214,0.212,0.215,0.211,1435897.0
2024-06-17,0.213,0.216,0.216,0.211,1024332.0
2024-06-18,0.216,0.215,0.217,0.214,924218.0
2024-06-19,0.215,0.215,0.217,0.212,796527.0
2024-06-20,0.214,0.215,0.221,0.213,1286063.0
2024-06-21,0.213,0.216,0.216,0.21,766718.0
2024-06-24,0.214,0.209,0.217,0.209,834832.0
2024-06-25,0.208,0.201,0.21,0.199,863614.0
2024-06-26,0.201,0.205,0.206,0.199,887680.0
2024-06-27,0.204,0.202,0.205,0.201,522838.0
2024-06-28,0.2,0.202,0.204,0.2,689546.0
2024-07-01,0.2,0.202,0.203,0.197,672182.0
2024-07-02,0.202,0.199,0.202,0.198,724490.0
2024-07-03,0.198,0.202,0.203,0.196,816994.0
2024-07-04,0.202,0.198,0.202,0.198,597466.0
2024-07-05,0.198,0.197,0.198,0.193,720403.0
2024-07-08,0.196,0.196,0.2,0.195,673284.0
2024-07-09,0.195,0.203,0.203,0.194,1060672.0
2024-07-10,0.202,0.201,0.204,0.2,788047.0
2024-07-11,0.204,0.202,0.204,0.198,1034195.0
2024-07-12,0.2,0.205,0.206,0.199,948534.0
2024-07-15,0.205,0.206,0.208,0.205,752793.0
2024-07-16,0.205,0.21,0.21,0.203,938693.0
2024-07-17,0.209,0.21,0.214,0.208,1461864.0
2024-07-18,0.208,0.214,0.216,0.207,1229021.0
2024-07-19,0.213,0.217,0.218,0.213,1297068.0
2024-07-22,0.216,0.216,0.219,0.215,783967.0
2024-07-23,0.215,0.205,0.215,0.205,1008363.0
2024-07-24,0.205,0.202,0.207,0.201,707563.0
2024-07-25,0.2,0.2,0.202,0.196,811149.0
2024-07-26,0.199,0.203,0.204,0.199,893303.0
2024-07-29,0.202,0.201,0.206,0.201,685811.0
2024-07-30,0.201,0.204,0.204,0.198,829441.0
2024-07-31,0.203,0.212,0.212,0.202,1084321.0
2024-08-01,0.212,0.214,0.217,0.211,1024216.0
2024-08-02,0.212,0.21,0.216,0.209,829170.0
2024-08-05,0.207,0.202,0.211,0.201,1033795.0
2024-08-06,0.204,0.204,0.205,0.201,833996.0
2024-08-07,0.204,0.202,0.205,0.202,608078.0
2024-08-08,0.2,0.205,0.207,0.199,927663.0
2024-08-09,0.207,0.203,0.208,0.203,721269.0
2024-08-12,0.201,0.201,0.203,0.2,505637.0
2024-08-13,0.201,0.203,0.203,0.2,447064.0
2024-08-14,0.204,0.198,0.204,0.197,770562.0
2024-08-15,0.196,0.199,0.201,0.196,745940.0
2024-08-16,0.199,0.198,0.2,0.197,517884.0
2024-08-19,0.198,0.197,0.2,0.196,518626.0
2024-08-20,0.197,0.194,0.198,0.193,590354.0
2024-08-21,0.193,0.193,0.195,0.193,492132.0
2024-08-22,0.192,0.19,0.193,0.189,569135.0
2024-08-23,0.189,0.187,0.189,0.184,858055.0
2024-08-26,0.186,0.188,0.19,0.186,518204.0
2024-08-27,0.187,0.186,0.188,0.185,510448.0
2024-08-28,0.185,0.187,0.188,0.185,495828.0
2024-08-29,0.187,0.19,0.192,0.186,692917.0
2024-08-30,0.19,0.196,0.198,0.19,959525.0
2024-09-02,0.195,0.188,0.196,0.188,758816.0
2024-09-03,0.187,0.189,0.191,0.187,562450.0
2024-09-04,0.187,0.189,0.191,0.187,414831.0
2024-09-05,0.19,0.189,0.191,0.188,423537.0
2024-09-06,0.189,0.185,0.19,0.185,481163.0
2024-09-09,0.185,0.184,0.187,0.183,520716.0
2024-09-10,0.185,0.187,0.187,0.183,657634.0
2024-09-11,0.185,0.186,0.187,0.185,391861.0
2024-09-12,0.188,0.185,0.188,0.184,451648.0
2024-09-13,0.185,0.181,0.185,0.18,621980.0
2024-09-18,0.182,0.182,0.183,0.18,568975.0
2024-09-19,0.182,0.181,0.184,0.179,866055.0
2024-09-20,0.181,0.179,0.182,0.178,865058.0
2024-09-23,0.179,0.176,0.18,0.176,737031.0
2024-09-24,0.177,0.183,0.183,0.175,1240184.0
2024-09-25,0.185,0.183,0.189,0.183,1279434.0
2024-09-26,0.182,0.191,0.191,0.181,1423131.0
2024-09-27,0.195,0.207,0.207,0.194,1571376.0
2024-09-30,0.216,0.228,0.228,0.213,1794142.0
2024-10-08,0.251,0.251,0.251,0.251,355739.0
2024-10-09,0.276,0.274,0.276,0.253,4065475.0
2024-10-10,0.274,0.254,0.274,0.251,2315279.0
2024-10-11,0.247,0.237,0.253,0.234,1515984.0
2024-10-14,0.235,0.244,0.245,0.23,1339960.0
2024-10-15,0.244,0.24,0.25,0.24,1335863.0
2024-10-16,0.233,0.236,0.241,0.232,790231.0
2024-10-17,0.238,0.236,0.24,0.235,799888.0
2024-10-18,0.236,0.259,0.259,0.235,2801905.0
2024-10-21,0.265,0.263,0.278,0.259,2444091.0
2024-10-22,0.261,0.26,0.266,0.256,1112844.0
2024-10-23,0.259,0.257,0.262,0.256,885895.0
2024-10-24,0.256,0.259,0.262,0.255,897206.0
2024-10-25,0.259,0.262,0.266,0.257,977123.0
2024-10-28,0.263,0.261,0.263,0.258,697672.0
2024-10-29,0.261,0.258,0.266,0.257,872669.0
2024-10-30,0.258,0.258,0.26,0.254,827963.0
2024-10-31,0.258,0.268,0.271,0.254,1562848.0
2024-11-01,0.268,0.26,0.269,0.259,1130602.0
2024-11-04,0.258,0.268,0.27,0.256,925323.0
2024-11-05,0.266,0.275,0.277,0.265,1360006.0
2024-11-06,0.276,0.276,0.283,0.271,1517226.0
2024-11-07,0.273,0.283,0.283,0.273,1029778.0
2024-11-08,0.287,0.295,0.304,0.285,2061201.0
2024-11-11,0.302,0.318,0.325,0.299,4920391.0
2024-11-12,0.318,0.31,0.322,0.306,3667354.0
2024-11-13,0.305,0.31,0.315,0.304,3375777.0
2024-11-14,0.308,0.297,0.309,0.295,2344886.0
2024-11-15,0.295,0.281,0.298,0.28,3065943.0
2024-11-18,0.28,0.277,0.286,0.274,2241528.0
2024-11-19,0.278,0.287,0.287,0.274,2817679.0
2024-11-20,0.285,0.286,0.288,0.282,1995747.0
2024-11-21,0.285,0.286,0.289,0.283,1833389.0
2024-11-22,0.286,0.276,0.291,0.275,2150956.0
2024-11-25,0.276,0.278,0.282,0.271,1981950.0
2024-11-26,0.276,0.272,0.278,0.272,1792350.0
2024-11-27,0.272,0.279,0.28,0.264,2134610.0
2024-11-28,0.279,0.277,0.283,0.276,1696144.0
2024-11-29,0.275,0.283,0.287,0.273,2207434.0
2024-12-02,0.283,0.285,0.285,0.279,1687054.0
2024-12-03,0.286,0.28,0.288,0.278,2014696.0
2024-12-04,0.286,0.276,0.287,0.276,1945944.0
2024-12-05,0.274,0.275,0.277,0.273,1129998.0
2024-12-06,0.275,0.278,0.281,0.272,1543583.0
2024-12-09,0.279,0.274,0.279,0.271,1250386.0
2024-12-10,0.284,0.276,0.286,0.275,2174727.0
2024-12-11,0.276,0.274,0.28,0.273,1426622.0
2024-12-12,0.273,0.275,0.276,0.271,1093754.0
2024-12-13,0.273,0.268,0.273,0.268,1300221.0
2024-12-16,0.268,0.26,0.268,0.259,1468330.0
2024-12-17,0.26,0.259,0.262,0.258,1071423.0
2024-12-18,0.26,0.262,0.265,0.259,1689016.0
2024-12-19,0.258,0.263,0.265,0.258,1439370.0
2024-12-20,0.262,0.269,0.273,0.262,2042233.0
2024-12-23,0.268,0.263,0.27,0.263,1580608.0
2024-12-24,0.265,0.267,0.267,0.26,1052519.0
2024-12-25,0.266,0.262,0.267,0.261,1038611.0
2024-12-26,0.263,0.263,0.265,0.261,914393.0
2024-12-27,0.263,0.264,0.27,0.261,1907386.0
2024-12-30,0.263,0.261,0.265,0.26,1055439.0
2024-12-31,0.261,0.251,0.262,0.251,1560970.0
2025-01-02,0.25,0.241,0.25,0.238,1347647.0
2025-01-03,0.242,0.238,0.244,0.238,1219327.0
2025-01-06,0.239,0.239,0.241,0.238,782410.0
2025-01-07,0.241,0.244,0.244,0.239,1173395.0
2025-01-08,0.242,0.242,0.245,0.235,1361988.0
2025-01-09,0.241,0.242,0.245,0.241,747901.0
2025-01-10,0.241,0.24,0.248,0.24,1171863.0
2025-01-13,0.237,0.241,0.242,0.236,1060566.0
2025-01-14,0.243,0.252,0.252,0.24,1375899.0
2025-01-15,0.251,0.249,0.252,0.248,1585321.0
2025-01-16,0.251,0.251,0.257,0.248,1263642.0
2025-01-17,0.249,0.254,0.258,0.249,1493250.0
2025-01-20,0.255,0.252,0.255,0.251,1559276.0
2025-01-21,0.253,0.253,0.255,0.25,1054178.0
2025-01-22,0.253,0.25,0.253,0.249,818944.0
2025-01-23,0.253,0.249,0.256,0.249,1195548.0
2025-01-24,0.249,0.25,0.251,0.248,942401.0
2025-01-27,0.251,0.245,0.251,0.245,853225.0
2025-02-05,0.248,0.246,0.249,0.245,942266.0
2025-02-06,0.246,0.26,0.26,0.245,3244900.0
2025-02-07,0.261,0.261,0.265,0.256,3123109.0
2025-02-10,0.261,0.261,0.261,0.256,2077484.0
2025-02-11,0.26,0.257,0.26,0.255,1693651.0
2025-02-12,0.257,0.265,0.265,0.257,2609660.0
2025-02-13,0.264,0.259,0.264,0.258,1720467.0
2025-02-14,0.257,0.258,0.259,0.253,2374131.0
2025-02-17,0.258,0.26,0.261,0.256,1989512.0
2025-02-18,0.26,0.26,0.268,0.259,3074581.0
2025-02-19,0.259,0.273,0.273,0.259,3230842.0
2025-02-20,0.274,0.273,0.275,0.271,2285443.0
2025-02-21,0.274,0.28,0.281,0.272,3901179.0
2025-02-24,0.28,0.282,0.285,0.279,2322208.0
2025-02-25,0.278,0.281,0.287,0.276,2626175.0
2025-02-26,0.282,0.283,0.283,0.277,1598322.0
2025-02-27,0.283,0.279,0.283,0.274,1876401.0
2025-02-28,0.278,0.27,0.28,0.27,1629530.0
2025-03-03,0.271,0.269,0.273,0.267,1351875.0
2025-03-04,0.266,0.272,0.273,0.264,1275228.0
2025-03-05,0.271,0.272,0.275,0.27,637831.0
2025-03-06,0.277,0.283,0.287,0.277,3288923.0
2025-03-07,0.281,0.28,0.284,0.279,1656155.0
2025-03-10,0.28,0.277,0.281,0.275,1165274.0
2025-03-11,0.275,0.276,0.279,0.27,1494181.0
2025-03-12,0.276,0.272,0.277,0.271,1536765.0
2025-03-13,0.272,0.266,0.272,0.264,1397228.0
2025-03-14,0.266,0.271,0.271,0.265,1512807.0
2025-03-17,0.271,0.271,0.273,0.269,1109835.0
2025-03-18,0.272,0.272,0.275,0.271,807256.0
2025-03-19,0.271,0.268,0.271,0.267,800307.0
2025-03-20,0.268,0.264,0.268,0.264,782159.0
2025-03-21,0.264,0.26,0.265,0.259,1524883.0
2025-03-24,0.26,0.263,0.266,0.258,1308374.0
2025-03-25,0.263,0.261,0.263,0.26,658942.0
2025-03-26,0.261,0.26,0.263,0.259,655369.0
2025-03-27,0.26,0.263,0.267,0.257,1452879.0
2025-03-28,0.265,0.258,0.266,0.258,1055744.0
2025-03-31,0.256,0.258,0.261,0.255,1773880.0
2025-04-01,0.259,0.263,0.264,0.258,1271130.0
2025-04-02,0.261,0.261,0.263,0.259,807566.0
2025-04-03,0.259,0.261,0.265,0.258,1061203.0
2025-04-07,0.252,0.242,0.259,0.235,2425716.0
2025-04-08,0.243,0.242,0.248,0.238,1292863.0
2025-04-09,0.236,0.253,0.257,0.235,2662185.0
2025-04-10,0.257,0.255,0.26,0.254,1351167.0
2025-04-11,0.253,0.263,0.269,0.252,2127297.0
2025-04-14,0.265,0.262,0.266,0.26,1516130.0
2025-04-15,0.262,0.259,0.262,0.257,674165.0
2025-04-16,0.26,0.261,0.262,0.257,802259.0
2025-04-17,0.26,0.261,0.264,0.26,839867.0
2025-04-18,0.261,0.258,0.261,0.256,764646.0
2025-04-21,0.258,0.26,0.26,0.257,468166.0
2025-04-22,0.26,0.263,0.265,0.258,1484703.0
2025-04-23,0.263,0.261,0.263,0.259,1214353.0
2025-04-24,0.261,0.259,0.261,0.257,792710.0
2025-04-25,0.258,0.26,0.26,0.254,974801.0
2025-04-28,0.259,0.259,0.261,0.258,826792.0
2025-04-29,0.258,0.259,0.259,0.257,657560.0
2025-04-30,0.259,0.26,0.26,0.258,1130924.0
2025-05-06,0.262,0.267,0.267,0.261,1424891.0
2025-05-07,0.269,0.264,0.27,0.262,1626681.0
2025-05-08,0.264,0.265,0.266,0.262,681771.0
2025-05-09,0.264,0.258,0.264,0.258,1813694.0
2025-05-12,0.258,0.259,0.26,0.257,856474.0
2025-05-13,0.261,0.257,0.261,0.257,668138.0
2025-05-14,0.258,0.259,0.26,0.257,998814.0
2025-05-15,0.259,0.254,0.259,0.254,943222.0
2025-05-16,0.253,0.253,0.255,0.253,755208.0
2025-05-19,0.253,0.255,0.256,0.252,598506.0
2025-05-20,0.255,0.255,0.256,0.254,491677.0
2025-05-21,0.255,0.254,0.256,0.253,731071.0
2025-05-22,0.253,0.252,0.256,0.251,795475.0
2025-05-23,0.252,0.249,0.253,0.249,842941.0
2025-05-26,0.251,0.252,0.254,0.25,828364.0
2025-05-27,0.251,0.251,0.252,0.25,380646.0
2025-05-28,0.25,0.247,0.251,0.247,964477.0
2025-05-29,0.248,0.253,0.253,0.247,1060713.0
2025-05-30,0.252,0.249,0.252,0.249,666021.0
2025-06-03,0.249,0.252,0.255,0.248,935208.0
2025-06-04,0.253,0.252,0.253,0.251,788092.0
2025-06-05,0.253,0.254,0.255,0.251,675665.0
2025-06-06,0.254,0.255,0.255,0.253,570307.0
2025-06-09,0.254,0.255,0.255,0.253,639545.0
2025-06-10,0.255,0.249,0.255,0.248,1290080.0
2025-06-11,0.249,0.249,0.252,0.249,808143.0
2025-06-12,0.249,0.246,0.249,0.245,1410961.0
2025-06-13,0.244,0.247,0.248,0.244,1548418.0
2025-06-16,0.246,0.247,0.248,0.246,536916.0
2025-06-17,0.248,0.246,0.248,0.245,590187.0
2025-06-18,0.246,0.248,0.25,0.245,1025766.0
2025-06-19,0.248,0.25,0.253,0.248,1325876.0
2025-06-20,0.249,0.251,0.254,0.249,1584580.0
2025-06-23,0.25,0.258,0.259,0.25,2111781.0
2025-06-24,0.258,0.26,0.26,0.256,1342611.0
2025-06-25,0.259,0.262,0.262,0.257,1610076.0
2025-06-26,0.262,0.259,0.263,0.259,926515.0
2025-06-27,0.26,0.259,0.262,0.259,819711.0
2025-06-30,0.262,0.265,0.266,0.261,1437900.0
2025-07-01,0.265,0.266,0.268,0.264,1203656.0
2025-07-02,0.265,0.261,0.265,0.26,858493.0
2025-07-03,0.261,0.261,0.262,0.259,1045915.0
2025-07-04,0.261,0.262,0.267,0.258,1390916.0
2025-07-07,0.261,0.262,0.265,0.261,768401.0
2025-07-08,0.263,0.265,0.266,0.263,2488310.0
2025-07-09,0.265,0.263,0.267,0.262,1182072.0
2025-07-10,0.264,0.262,0.264,0.261,801297.0
2025-07-11,0.262,0.264,0.265,0.26,1266192.0
2025-07-14,0.264,0.261,0.264,0.26,807147.0
2025-07-15,0.261,0.26,0.263,0.258,1004406.0
2025-07-16,0.261,0.26,0.263,0.259,1183700.0
2025-07-17,0.26,0.261,0.261,0.257,1537213.0
2025-07-18,0.261,0.263,0.265,0.261,1560902.0
2025-07-21,0.264,0.263,0.264,0.261,1179683.0
2025-07-22,0.263,0.264,0.265,0.261,1905861.0
2025-07-23,0.264,0.271,0.272,0.264,2833667.0
2025-07-24,0.27,0.275,0.275,0.27,1772727.0
2025-07-25,0.276,0.277,0.278,0.273,1999694.0
2025-07-28,0.278,0.276,0.278,0.275,2083324.0
2025-07-29,0.276,0.28,0.28,0.274,1493231.0
2025-07-30,0.279,0.278,0.282,0.276,1589235.0
2025-07-31,0.276,0.271,0.279,0.271,2314181.0
2025-08-01,0.271,0.269,0.273,0.267,1685437.0
2025-08-04,0.267,0.271,0.271,0.267,1904919.0
2025-08-05,0.271,0.272,0.272,0.27,1589105.0
2025-08-06,0.272,0.274,0.274,0.271,1174549.0
2025-08-07,0.274,0.274,0.278,0.272,1780006.0
2025-08-08,0.275,0.271,0.275,0.271,1062745.0
2025-08-11,0.27,0.271,0.273,0.27,1067674.0
2025-08-12,0.271,0.275,0.276,0.27,1954818.0
2025-08-13,0.275,0.278,0.28,0.274,1239446.0
2025-08-14,0.278,0.276,0.284,0.275,2249587.0
2025-08-15,0.275,0.282,0.282,0.274,1834047.0
2025-08-18,0.284,0.289,0.291,0.281,2175045.0
2025-08-19,0.289,0.284,0.289,0.283,1820288.0
2025-08-20,0.283,0.293,0.293,0.28,2131154.0
2025-08-21,0.292,0.292,0.297,0.29,2743877.0
2025-08-22,0.292,0.31,0.312,0.292,3541457.0
2025-08-25,0.315,0.308,0.321,0.303,3327339.0
2025-08-26,0.306,0.309,0.314,0.303,2479375.0
2025-08-27,0.307,0.306,0.32,0.305,3132497.0
2025-08-28,0.304,0.322,0.322,0.304,3288305.0
2025-08-29,0.319,0.312,0.319,0.308,3559425.0
2025-09-01,0.316,0.32,0.321,0.31,3132023.0
2025-09-02,0.319,0.309,0.322,0.306,2693475.0
2025-09-03,0.31,0.308,0.316,0.305,2992934.0
2025-09-04,0.304,0.288,0.307,0.283,3403633.0
2025-09-05,0.289,0.297,0.298,0.288,2347777.0
2025-09-08,0.295,0.304,0.305,0.294,1898293.0
2025-09-09,0.301,0.295,0.302,0.294,1536938.0
2025-09-10,0.295,0.295,0.299,0.293,1730227.0
2025-09-11,0.295,0.306,0.307,0.292,3117157.0
2025-09-12,0.306,0.308,0.312,0.305,2163479.0
2025-09-15,0.314,0.308,0.316,0.306,1614473.0
2025-09-16,0.308,0.308,0.311,0.305,1488990.0
2025-09-17,0.308,0.319,0.321,0.305,3470796.0
2025-09-18,0.319,0.332,0.344,0.319,7710383.0
2025-09-19,0.334,0.33,0.339,0.328,5710088.0
2025-09-22,0.329,0.336,0.337,0.327,4286492.0
2025-09-23,0.341,0.354,0.354,0.334,5992115.0
2025-09-24,0.353,0.387,0.389,0.35,13174494.0
2025-09-25,0.38,0.382,0.386,0.375,11124902.0
2025-09-26,0.379,0.382,0.392,0.378,11544158.0
2025-09-29,0.382,0.392,0.392,0.377,9800474.0
2025-09-30,0.394,0.391,0.398,0.386,9230487.0
2025-10-09,0.395,0.401,0.417,0.393,11874819.0
2025-10-10,0.392,0.387,0.398,0.383,8929346.0
2025-10-13,0.37,0.4,0.4,0.368,10753114.0
2025-10-14,0.404,0.373,0.405,0.37,14494248.0
2025-10-15,0.371,0.372,0.373,0.363,8281068.0
2025-10-16,0.369,0.368,0.376,0.366,5267399.0
2025-10-17,0.365,0.352,0.367,0.351,6025822.0
2025-10-20,0.358,0.352,0.362,0.35,5215343.0
2025-10-21,0.355,0.36,0.361,0.353,4171379.0
2025-10-22,0.357,0.356,0.362,0.352,3338472.0
2025-10-23,0.355,0.355,0.356,0.349,2765038.0
2025-10-24,0.358,0.37,0.371,0.358,5366234.0
2025-10-27,0.38,0.385,0.389,0.376,6316310.0
2025-10-28,0.38,0.384,0.39,0.379,5665999.0
2025-10-29,0.383,0.386,0.387,0.377,5519221.0
2025-10-30,0.386,0.38,0.389,0.379,4491086.0
2025-10-31,0.378,0.363,0.378,0.363,5867804.0
2025-11-03,0.358,0.359,0.36,0.347,6653660.0
2025-11-04,0.359,0.363,0.368,0.359,6065432.0
2025-11-05,0.353,0.359,0.362,0.352,3302769.0
2025-11-06,0.362,0.372,0.374,0.361,4756413.0
2025-11-07,0.368,0.373,0.377,0.367,3381305.0
2025-11-10,0.374,0.378,0.387,0.373,4760467.0
2025-11-11,0.382,0.374,0.387,0.373,3012942.0
2025-11-12,0.369,0.37,0.377,0.363,3161077.0
2025-11-13,0.37,0.372,0.375,0.367,3287408.0
2025-11-14,0.365,0.362,0.371,0.36,3420675.0
2025-11-17,0.364,0.358,0.37,0.356,2903073.0
2025-11-18,0.355,0.365,0.374,0.355,4926379.0
2025-11-19,0.363,0.364,0.37,0.361,2747315.0
2025-11-20,0.369,0.355,0.369,0.354,3789518.0
2025-11-21,0.347,0.339,0.351,0.339,3110257.0
2025-11-24,0.341,0.347,0.35,0.339,3455006.0
2025-11-25,0.35,0.347,0.353,0.346,2555780.0
2025-11-26,0.346,0.348,0.352,0.343,2317242.0
2025-11-27,0.349,0.345,0.356,0.344,4424203.0
2025-11-28,0.344,0.353,0.356,0.343,3861676.0
2025-12-01,0.353,0.359,0.359,0.348,2678627.0
2025-12-02,0.356,0.354,0.359,0.352,1552812.0
2025-12-03,0.354,0.354,0.358,0.352,1504911.0
2025-12-04,0.352,0.362,0.367,0.349,4188173.0
2025-12-05,0.36,0.363,0.363,0.357,2414055.0
2025-12-08,0.363,0.369,0.371,0.359,3457329.0
2025-12-09,0.366,0.367,0.372,0.365,2550611.0
2025-12-10,0.365,0.37,0.371,0.36,2289315.0
2025-12-11,0.371,0.368,0.374,0.368,2890694.0
2025-12-12,0.367,0.382,0.382,0.363,4674198.0
2025-12-15,0.379,0.378,0.385,0.377,5647855.0
2025-12-16,0.374,0.374,0.379,0.369,5364703.0
2025-12-17,0.372,0.379,0.38,0.367,3863310.0
2025-12-18,0.376,0.373,0.379,0.372,3488188.0
2025-12-19,0.375,0.371,0.376,0.37,3783948.0
2025-12-22,0.371,0.389,0.389,0.371,5060554.0
2025-12-23,0.389,0.395,0.398,0.387,5038425.0
2025-12-24,0.395,0.396,0.397,0.391,3951860.0
2025-12-25,0.396,0.397,0.4,0.391,4072959.0
2025-12-26,0.395,0.391,0.397,0.389,4527507.0
2025-12-29,0.39,0.386,0.392,0.384,4078603.0
2025-12-30,0.387,0.386,0.394,0.385,4420858.0
2025-12-31,0.392,0.386,0.394,0.384,5175240.0
2026-01-05,0.39,0.409,0.409,0.389,9005341.0
2026-01-06,0.408,0.423,0.432,0.405,8407619.0
2026-01-07,0.436,0.455,0.457,0.435,13325191.0
2026-01-08,0.452,0.451,0.462,0.449,9968373.0
2026-01-09,0.443,0.45,0.452,0.442,12236541.0
2026-01-12,0.451,0.456,0.462,0.45,11966032.0
2026-01-13,0.453,0.441,0.461,0.439,8424431.0
2026-01-14,0.441,0.451,0.463,0.441,10018188.0
2026-01-15,0.446,0.475,0.475,0.445,15281412.0
2026-01-16,0.482,0.491,0.495,0.478,18885836.0
2026-01-19,0.496,0.489,0.498,0.483,14601091.0
2026-01-20,0.483,0.486,0.491,0.479,10590525.0
2026-01-21,0.481,0.486,0.495,0.48,12006966.0
2026-01-22,0.492,0.475,0.494,0.471,12953834.0
2026-01-23,0.472,0.487,0.487,0.467,11866371.0
2026-01-26,0.481,0.466,0.482,0.463,13669061.0
2026-01-27,0.463,0.476,0.48,0.462,10449892.0
2026-01-28,0.48,0.483,0.485,0.473,9930006.0
2026-01-29,0.48,0.461,0.48,0.46,15133692.0
2026-01-30,0.457,0.46,0.465,0.447,9843552.0
2026-02-02,0.455,0.437,0.456,0.436,12413429.0
2026-02-03,0.445,0.451,0.453,0.441,9887192.0
2026-02-04,0.446,0.45,0.454,0.443,6056748.0
2026-02-05,0.44,0.449,0.454,0.434,8481409.0
2026-02-06,0.442,0.447,0.454,0.442,6380435.0
2026-02-09,0.456,0.456,0.459,0.451,6183196.0
2026-02-10,0.457,0.456,0.461,0.453,5497491.0
2026-02-11,0.453,0.451,0.456,0.45,3656594.0
2026-02-12,0.453,0.454,0.456,0.448,5846398.0
2026-02-13,0.451,0.458,0.465,0.451,7136052.0
2026-02-24,0.464,0.461,0.464,0.449,5275790.0
2026-02-25,0.461,0.482,0.486,0.456,11865957.0
2026-02-26,0.48,0.487,0.491,0.471,7811900.0
2026-02-27,0.478,0.476,0.48,0.472,8201792.0
2026-03-02,0.464,0.467,0.479,0.464,6926593.0
2026-03-03,0.467,0.442,0.474,0.441,10779916.0
2026-03-04,0.435,0.441,0.449,0.435,7601621.0
2026-03-05,0.45,0.448,0.458,0.443,7932053.0
2026-03-06,0.443,0.442,0.45,0.442,5331832.0
2026-03-09,0.427,0.43,0.432,0.416,11012473.0
2026-03-10,0.44,0.441,0.443,0.434,6841917.0
2026-03-11,0.441,0.435,0.443,0.432,8760984.0
2026-03-12,0.433,0.428,0.438,0.424,5217179.0
2026-03-13,0.424,0.424,0.433,0.421,4763935.0
2026-03-16,0.423,0.43,0.431,0.413,9565795.0
2026-03-17,0.43,0.418,0.432,0.417,6311577.0
2026-03-18,0.42,0.427,0.428,0.419,7420618.0
2026-03-19,0.42,0.418,0.423,0.416,5147699.0
2026-03-20,0.42,0.415,0.426,0.415,7258425.0
2026-03-23,0.408,0.396,0.412,0.393,8589806.0
2026-03-24,0.402,0.402,0.403,0.393,6133396.0
2026-03-25,0.407,0.415,0.42,0.407,9445716.0
2026-03-26,0.411,0.405,0.413,0.404,4234505.0
2026-03-27,0.398,0.415,0.418,0.398,5373586.0
2026-03-30,0.406,0.426,0.428,0.406,11943466.0
2026-03-31,0.423,0.41,0.424,0.408,18005799.0
2026-04-01,0.419,0.417,0.423,0.414,11471166.0
2026-04-02,0.416,0.402,0.416,0.398,12534234.0
2026-04-03,0.403,0.401,0.407,0.4,7690270.0
2026-04-07,0.403,0.403,0.408,0.402,7678497.0
2026-04-08,0.418,0.434,0.434,0.416,22697906.0
2026-04-09,0.429,0.438,0.444,0.426,21206463.0
2026-04-10,0.444,0.443,0.45,0.442,17747932.0
2026-04-13,0.438,0.438,0.443,0.436,11537802.0
2026-04-14,0.445,0.451,0.456,0.442,19701668.0
2026-04-15,0.456,0.443,0.456,0.441,17265831.0
2026-04-16,0.444,0.45,0.45,0.44,10438521.0
2026-04-17,0.446,0.45,0.453,0.441,11292285.0
2026-04-20,0.445,0.454,0.456,0.441,12192106.0
2026-04-21,0.454,0.448,0.454,0.443,16540869.0
2026-04-22,0.446,0.461,0.462,0.446,21696222.0
2026-04-23,0.464,0.456,0.465,0.451,14984635.0
2026-04-24,0.456,0.46,0.464,0.453,15695331.0
2026-04-27,0.465,0.488,0.494,0.463,24401512.0
2026-04-28,0.484,0.487,0.501,0.478,22873117.0
2026-04-29,0.48,0.487,0.487,0.471,16953587.0
2026-04-30,0.487,0.503,0.508,0.482,18680304.0
2026-05-06,0.519,0.513,0.537,0.513,22000198.0
2026-05-07,0.514,0.525,0.527,0.509,13192965.0
2026-05-08,0.517,0.515,0.525,0.509,15269879.0
2026-05-11,0.524,0.55,0.557,0.523,24280831.0
2026-05-12,0.55,0.562,0.567,0.539,17735410.0
2026-05-13,0.549,0.585,0.587,0.548,20465765.0
2026-05-14,0.588,0.571,0.589,0.568,19987642.0
2026-05-15,0.572,0.597,0.625,0.555,34291795.0
2026-05-18,0.604,0.604,0.621,0.594,22626552.0
2026-05-19,0.592,0.635,0.635,0.586,30628924.0
2026-05-20,0.632,0.668,0.673,0.631,33208795.0
2026-05-21,0.678,0.635,0.7,0.632,50380488.0
2026-05-22,0.634,0.641,0.644,0.615,36322303.0
2026-05-25,0.634,0.675,0.687,0.616,31651351.0
2026-05-26,0.673,0.656,0.673,0.637,30904446.0
2026-05-27,0.657,0.632,0.669,0.629,30309260.0
2026-05-28,0.621,0.64,0.644,0.619,25810803.0
2026-05-29,0.644,0.604,0.645,0.595,25271914.0
2026-06-01,0.598,0.572,0.604,0.571,25432821.0
2026-06-02,0.574,0.582,0.593,0.567,28173004.0
2026-06-03,0.584,0.599,0.616,0.584,21133127.0
2026-06-04,0.588,0.622,0.626,0.588,18594090.0
2026-06-05,0.61,0.603,0.624,0.598,16877635.0
2026-06-08,0.573,0.583,0.599,0.572,18655487.0
2026-06-09,0.598,0.631,0.633,0.595,24295758.0
2026-06-10,0.622,0.646,0.656,0.622,24104934.0
2026-06-11,0.645,0.68,0.68,0.645,22615617.0
2026-06-12,0.714,0.662,0.719,0.659,27929630.0
2026-06-15,0.671,0.693,0.693,0.647,21161642.0
2026-06-16,0.695,0.697,0.705,0.686,16655499.0
2026-06-17,0.683,0.749,0.75,0.68,22678661.0
2026-06-18,0.745,0.761,0.767,0.742,24863164.0
2026-06-22,0.774,0.786,0.792,0.755,23620063.0
2026-06-23,0.781,0.784,0.805,0.76,25869686.0
2026-06-24,0.77,0.827,0.834,0.766,26335178.0
2026-06-25,0.839,0.851,0.861,0.827,28310379.0
2026-06-26,0.844,0.881,0.894,0.841,34169010.0
2026-06-29,0.895,0.961,0.964,0.88,36972831.0
2026-06-30,0.957,0.988,0.991,0.937,39161833.0
2026-07-01,0.988,0.997,1.053,0.974,48403443.0
2026-07-02,0.933,0.897,0.965,0.897,50715581.0
2026-07-03,0.867,0.865,0.896,0.842,48372517.0
2026-07-06,0.878,0.857,0.885,0.825,40931086.0
2026-07-07,0.836,0.874,0.888,0.836,32099612.0
2026-07-08,0.87,0.884,0.914,0.835,39815435.0
2026-07-09,0.903,0.973,0.973,0.889,51677053.0
2026-07-10,0.973,0.905,1.004,0.903,128053264.0
2026-07-13,0.873,0.865,0.927,0.854,93309690.0
2026-07-14,0.853,0.862,0.88,0.809,88458894.0
2026-07-15,0.879,0.803,0.879,0.797,85014998.0
2026-07-16,0.773,0.742,0.803,0.738,82409611.0
2026-07-17,0.74,0.701,0.751,0.694,89591695.0
2026-07-20,0.719,0.661,0.729,0.64,89219161.0
2026-07-21,0.674,0.727,0.727,0.63,110352682.0
2026-07-22,0.746,0.747,0.788,0.737,106108671.0
2026-07-23,0.752,0.72,0.759,0.708,63647997.0
2026-07-24,0.707,0.742,0.76,0.7,69889818.0
2026-07-27,0.731,0.768,0.774,0.713,68746513.0
2026-07-28,0.749,0.72,0.775,0.711,82353873.0
2026-07-29,0.71,0.706,0.728,0.66,97596269.0
2026-07-30,0.692,0.65,0.7,0.64,89528753.0
2026-07-31,0.715,0.67,0.715,0.668,106750170.0
2026-08-03,0.65,0.605,0.66,0.605,93012540.0
2026-08-04,0.61,0.64,0.65,0.604,90309591.0
2026-08-05,0.642,0.701,0.704,0.642,92116590.0
2026-08-06,0.68,0.718,0.734,0.677,84702702.0
2026-08-07,0.714,0.738,0.742,0.708,67018335.0
2026-08-10,0.744,0.762,0.766,0.735,66839750.0
2026-08-11,0.749,0.739,0.763,0.735,62042843.0
2026-08-12,0.746,0.757,0.763,0.743,51390532.0
2026-08-13,0.77,0.735,0.772,0.734,62855558.0
2026-08-14,0.745,0.742,0.749,0.726,43767584.0
2026-08-17,0.741,0.781,0.781,0.739,57682581.0
2026-08-18,0.781,0.795,0.799,0.771,62491258.0
2026-08-19,0.77,0.736,0.779,0.729,78302905.0
2026-08-20,0.745,0.733,0.753,0.723,51611934.0
2026-08-21,0.727,0.729,0.743,0.721,42026326.0
2026-08-24,0.73,0.723,0.738,0.705,52363611.0
2026-08-25,0.708,0.705,0.716,0.682,51308549.0
2026-08-26,0.705,0.717,0.726,0.696,42947640.0
2026-08-27,0.721,0.743,0.744,0.713,46675366.0
2026-08-28,0.739,0.721,0.747,0.721,46646383.0
2026-08-31,0.704,0.723,0.724,0.695,42015820.0
2026-09-01,0.723,0.696,0.725,0.696,37205113.0
2026-09-02,0.683,0.684,0.696,0.678,33807813.0
